dataset_id	sample_id	K	baseline_method_id	delta_spatial_coherence	delta_marker_coherence	bayesspace_note	baseline_note
GSE311294	GSM9322957_TR11_206	4	M0_expr_kmeans	0.15785141549230897	0.17704693056905008	rigor-backfill-v4-GSE311294-GSM9322957_TR11_206	stage3a-full-replication
GSE311294	GSM9322957_TR11_206	4	M1_spatial_concat_kmeans	0.15785141549230897	0.17704693056905008	rigor-backfill-v4-GSE311294-GSM9322957_TR11_206	stage3a-full-replication
GSE311294	GSM9322957_TR11_206	4	M2_spatial_ward	-0.03647458450769103	0.36187793056905004	rigor-backfill-v4-GSE311294-GSM9322957_TR11_206	stage3a-full-replication-m2
GSE311294	GSM9322957_TR11_206	4	M3_spatial_leiden	-0.09259358450769106	1.00677793056905	rigor-backfill-v4-GSE311294-GSM9322957_TR11_206	stage3a-full-replication
GSE311294	GSM9322957_TR11_206	4	M4_spagcn	0.051246415492308905	0.16553193056905013	rigor-backfill-v4-GSE311294-GSM9322957_TR11_206	stage3a-full-replication-m4
GSE311294	GSM9322957_TR11_206	4	M5_stagate	0.035880415492308915	0.13913493056905013	rigor-backfill-v4-GSE311294-GSM9322957_TR11_206	stage3a-full-replication-m5
GSE311294	GSM9322957_TR11_206	6	M0_expr_kmeans	0.142343521783181	0.11176295026178007	rigor-backfill-v4-GSE311294-GSM9322957_TR11_206	stage3a-full-replication
GSE311294	GSM9322957_TR11_206	6	M1_spatial_concat_kmeans	0.14163152178318106	0.1123159502617801	rigor-backfill-v4-GSE311294-GSM9322957_TR11_206	stage3a-full-replication
GSE311294	GSM9322957_TR11_206	6	M2_spatial_ward	-0.07024247821681895	0.38878395026178003	rigor-backfill-v4-GSE311294-GSM9322957_TR11_206	stage3a-full-replication-m2
GSE311294	GSM9322957_TR11_206	6	M3_spatial_leiden	-0.14600447821681894	0.7876529502617801	rigor-backfill-v4-GSE311294-GSM9322957_TR11_206	stage3a-full-replication
GSE311294	GSM9322957_TR11_206	6	M4_spagcn	0.05620452178318103	0.13917295026178	rigor-backfill-v4-GSE311294-GSM9322957_TR11_206	stage3a-full-replication-m4
GSE311294	GSM9322957_TR11_206	6	M5_stagate	0.014626521783181023	0.16134895026177998	rigor-backfill-v4-GSE311294-GSM9322957_TR11_206	stage3a-full-replication-m5
GSE311294	GSM9322958_TR11_16184	4	M0_expr_kmeans	0.18943249252013805	0.6458161534023901	rigor-backfill-v4-GSE311294-GSM9322958_TR11_16184	stage3a-full-replication
GSE311294	GSM9322958_TR11_16184	4	M1_spatial_concat_kmeans	0.189361492520138	0.6462631534023902	rigor-backfill-v4-GSE311294-GSM9322958_TR11_16184	stage3a-full-replication
GSE311294	GSM9322958_TR11_16184	4	M2_spatial_ward	0.026393492520138007	0.7895731534023901	rigor-backfill-v4-GSE311294-GSM9322958_TR11_16184	stage3a-full-replication-m2
GSE311294	GSM9322958_TR11_16184	4	M3_spatial_leiden	-0.059934507479861954	0.7929241534023901	rigor-backfill-v4-GSE311294-GSM9322958_TR11_16184	stage3a-full-replication
GSE311294	GSM9322958_TR11_16184	4	M4_spagcn	0.05080149252013799	0.7316441534023901	rigor-backfill-v4-GSE311294-GSM9322958_TR11_16184	stage3a-full-replication-m4
GSE311294	GSM9322958_TR11_16184	4	M5_stagate	0.080862492520138	0.7733421534023901	rigor-backfill-v4-GSE311294-GSM9322958_TR11_16184	stage3a-full-replication-m5
GSE311294	GSM9322958_TR11_16184	6	M0_expr_kmeans	0.21252035673187608	0.7106138292458201	rigor-backfill-v4-GSE311294-GSM9322958_TR11_16184	stage3a-full-replication
GSE311294	GSM9322958_TR11_16184	6	M1_spatial_concat_kmeans	0.21297835673187604	0.7107698292458201	rigor-backfill-v4-GSE311294-GSM9322958_TR11_16184	stage3a-full-replication
GSE311294	GSM9322958_TR11_16184	6	M2_spatial_ward	-0.004265643268123953	0.6814478292458201	rigor-backfill-v4-GSE311294-GSM9322958_TR11_16184	stage3a-full-replication-m2
GSE311294	GSM9322958_TR11_16184	6	M3_spatial_leiden	-0.0929176432681239	1.06224682924582	rigor-backfill-v4-GSE311294-GSM9322958_TR11_16184	stage3a-full-replication
GSE311294	GSM9322958_TR11_16184	6	M4_spagcn	0.09306735673187605	0.7311668292458201	rigor-backfill-v4-GSE311294-GSM9322958_TR11_16184	stage3a-full-replication-m4
GSE311294	GSM9322958_TR11_16184	6	M5_stagate	0.057811356731876096	0.8254698292458201	rigor-backfill-v4-GSE311294-GSM9322958_TR11_16184	stage3a-full-replication-m5
GSE311294	GSM9322959_TR11_18105	4	M0_expr_kmeans	0.11371332244195997	-0.21871172699698005	rigor-backfill-v4-GSE311294-GSM9322959_TR11_18105	stage3a-full-replication
GSE311294	GSM9322959_TR11_18105	4	M1_spatial_concat_kmeans	0.11439432244196002	-0.21741972699697998	rigor-backfill-v4-GSE311294-GSM9322959_TR11_18105	stage3a-full-replication
GSE311294	GSM9322959_TR11_18105	4	M2_spatial_ward	-0.029266677558040022	0.20454427300302003	rigor-backfill-v4-GSE311294-GSM9322959_TR11_18105	stage3a-full-replication-m2
GSE311294	GSM9322959_TR11_18105	4	M3_spatial_leiden	-0.06338967755804004	0.14911827300301994	rigor-backfill-v4-GSE311294-GSM9322959_TR11_18105	stage3a-full-replication
GSE311294	GSM9322959_TR11_18105	4	M4_spagcn	0.12226732244196004	-0.11660072699697999	rigor-backfill-v4-GSE311294-GSM9322959_TR11_18105	stage3a-full-replication-m4
GSE311294	GSM9322959_TR11_18105	4	M5_stagate	0.04013632244195997	0.06395527300301995	rigor-backfill-v4-GSE311294-GSM9322959_TR11_18105	stage3a-full-replication-m5
GSE311294	GSM9322959_TR11_18105	6	M0_expr_kmeans	0.13943013776631308	0.17764750502883797	rigor-backfill-v4-GSE311294-GSM9322959_TR11_18105	stage3a-full-replication
GSE311294	GSM9322959_TR11_18105	6	M1_spatial_concat_kmeans	0.13929413776631305	0.175949505028838	rigor-backfill-v4-GSE311294-GSM9322959_TR11_18105	stage3a-full-replication
GSE311294	GSM9322959_TR11_18105	6	M2_spatial_ward	-0.04869886223368691	0.6125385050288379	rigor-backfill-v4-GSE311294-GSM9322959_TR11_18105	stage3a-full-replication-m2
GSE311294	GSM9322959_TR11_18105	6	M3_spatial_leiden	-0.09380286223368695	0.5201675050288379	rigor-backfill-v4-GSE311294-GSM9322959_TR11_18105	stage3a-full-replication
GSE311294	GSM9322959_TR11_18105	6	M4_spagcn	0.12379813776631299	0.17078250502883796	rigor-backfill-v4-GSE311294-GSM9322959_TR11_18105	stage3a-full-replication-m4
GSE311294	GSM9322959_TR11_18105	6	M5_stagate	0.038446137766313004	0.09248150502883801	rigor-backfill-v4-GSE311294-GSM9322959_TR11_18105	stage3a-full-replication-m5
GSE311294	GSM9322960_TR11_21723	4	M0_expr_kmeans	0.097973183374083	-0.12611684395296008	rigor-backfill-v4-GSE311294-GSM9322960_TR11_21723	stage3a-full-replication
GSE311294	GSM9322960_TR11_21723	4	M1_spatial_concat_kmeans	0.097552183374083	-0.12567584395295994	rigor-backfill-v4-GSE311294-GSM9322960_TR11_21723	stage3a-full-replication
GSE311294	GSM9322960_TR11_21723	4	M2_spatial_ward	0.004667183374083006	0.10841615604704002	rigor-backfill-v4-GSE311294-GSM9322960_TR11_21723	stage3a-full-replication-m2
GSE311294	GSM9322960_TR11_21723	4	M3_spatial_leiden	-0.016118816625916965	0.48056215604704	rigor-backfill-v4-GSE311294-GSM9322960_TR11_21723	stage3a-full-replication
GSE311294	GSM9322960_TR11_21723	4	M4_spagcn	0.07663318337408298	-0.10319284395295991	rigor-backfill-v4-GSE311294-GSM9322960_TR11_21723	stage3a-full-replication-m4
GSE311294	GSM9322960_TR11_21723	4	M5_stagate	0.04136618337408304	-0.08145984395295991	rigor-backfill-v4-GSE311294-GSM9322960_TR11_21723	stage3a-full-replication-m5
GSE311294	GSM9322960_TR11_21723	6	M0_expr_kmeans	0.154874452322738	-0.014800210123709912	rigor-backfill-v4-GSE311294-GSM9322960_TR11_21723	stage3a-full-replication
GSE311294	GSM9322960_TR11_21723	6	M1_spatial_concat_kmeans	0.15529445232273797	-0.01643821012370994	rigor-backfill-v4-GSE311294-GSM9322960_TR11_21723	stage3a-full-replication
GSE311294	GSM9322960_TR11_21723	6	M2_spatial_ward	-0.031470547677261984	0.1458087898762901	rigor-backfill-v4-GSE311294-GSM9322960_TR11_21723	stage3a-full-replication-m2
GSE311294	GSM9322960_TR11_21723	6	M3_spatial_leiden	-0.058445547677261955	0.12359578987629005	rigor-backfill-v4-GSE311294-GSM9322960_TR11_21723	stage3a-full-replication
GSE311294	GSM9322960_TR11_21723	6	M4_spagcn	0.11492645232273802	-0.07697021012370997	rigor-backfill-v4-GSE311294-GSM9322960_TR11_21723	stage3a-full-replication-m4
GSE311294	GSM9322960_TR11_21723	6	M5_stagate	0.03736245232273805	0.07302378987628999	rigor-backfill-v4-GSE311294-GSM9322960_TR11_21723	stage3a-full-replication-m5
GSE311294	GSM9322961_TR16_23542	4	M0_expr_kmeans	0.049421912873077956	-0.35983432935300996	rigor-backfill-v4-GSE311294-GSM9322961_TR16_23542	stage3a-full-replication
GSE311294	GSM9322961_TR16_23542	4	M1_spatial_concat_kmeans	0.04894691287307795	-0.35910432935301007	rigor-backfill-v4-GSE311294-GSM9322961_TR16_23542	stage3a-full-replication
GSE311294	GSM9322961_TR16_23542	4	M2_spatial_ward	-0.027740087126921997	-0.36677332935301	rigor-backfill-v4-GSE311294-GSM9322961_TR16_23542	stage3a-full-replication-m2
GSE311294	GSM9322961_TR16_23542	4	M3_spatial_leiden	-0.06444008712692195	-0.6059513293530101	rigor-backfill-v4-GSE311294-GSM9322961_TR16_23542	stage3a-full-replication
GSE311294	GSM9322961_TR16_23542	4	M4_spagcn	0.047924912873077985	-0.29815032935301	rigor-backfill-v4-GSE311294-GSM9322961_TR16_23542	stage3a-full-replication-m4
GSE311294	GSM9322961_TR16_23542	4	M5_stagate	-0.004167087126922042	-0.35821432935301	rigor-backfill-v4-GSE311294-GSM9322961_TR16_23542	stage3a-full-replication-m5
GSE311294	GSM9322961_TR16_23542	6	M0_expr_kmeans	0.11184348055471793	-0.31406821753937697	rigor-backfill-v4-GSE311294-GSM9322961_TR16_23542	stage3a-full-replication
GSE311294	GSM9322961_TR16_23542	6	M1_spatial_concat_kmeans	0.11228148055471798	-0.31515521753937703	rigor-backfill-v4-GSE311294-GSM9322961_TR16_23542	stage3a-full-replication
GSE311294	GSM9322961_TR16_23542	6	M2_spatial_ward	-0.03722251944528199	-0.052290217539377015	rigor-backfill-v4-GSE311294-GSM9322961_TR16_23542	stage3a-full-replication-m2
GSE311294	GSM9322961_TR16_23542	6	M3_spatial_leiden	-0.097147519445282	-0.059341217539377045	rigor-backfill-v4-GSE311294-GSM9322961_TR16_23542	stage3a-full-replication
GSE311294	GSM9322961_TR16_23542	6	M4_spagcn	0.04932448055471794	-0.23256721753937704	rigor-backfill-v4-GSE311294-GSM9322961_TR16_23542	stage3a-full-replication-m4
GSE311294	GSM9322961_TR16_23542	6	M5_stagate	0.029258480554717914	-0.295556217539377	rigor-backfill-v4-GSE311294-GSM9322961_TR16_23542	stage3a-full-replication-m5
GSE267401	GSM8265211_CTC21P	4	M0_expr_kmeans	0.04277667393047191	0.45299145342735003	rigor-backfill-v4-GSE267401-GSM8265211_CTC21P	stage3b-full-replication
GSE267401	GSM8265211_CTC21P	4	M1_spatial_concat_kmeans	0.042527673930471965	0.4520754534273499	rigor-backfill-v4-GSE267401-GSM8265211_CTC21P	stage3b-full-replication
GSE267401	GSM8265211_CTC21P	4	M2_spatial_ward	-0.04379032606952804	0.25153445342735004	rigor-backfill-v4-GSE267401-GSM8265211_CTC21P	stage3b-full-replication-m2
GSE267401	GSM8265211_CTC21P	4	M3_spatial_leiden	-0.06664032606952808	0.96919845342735	rigor-backfill-v4-GSE267401-GSM8265211_CTC21P	stage3b-full-replication
GSE267401	GSM8265211_CTC21P	4	M4_spagcn	0.04092867393047195	0.5675744534273499	rigor-backfill-v4-GSE267401-GSM8265211_CTC21P	stage3b-full-replication-m4
GSE267401	GSM8265211_CTC21P	4	M5_stagate	0.010082673930471908	0.43813845342735	rigor-backfill-v4-GSE267401-GSM8265211_CTC21P	stage3b-full-replication-m5
GSE267401	GSM8265211_CTC21P	6	M0_expr_kmeans	0.14348142453173995	0.6676705402488099	rigor-backfill-v4-GSE267401-GSM8265211_CTC21P	stage3b-full-replication
GSE267401	GSM8265211_CTC21P	6	M1_spatial_concat_kmeans	0.14380042453174002	0.66752954024881	rigor-backfill-v4-GSE267401-GSM8265211_CTC21P	stage3b-full-replication
GSE267401	GSM8265211_CTC21P	6	M2_spatial_ward	-0.10207657546825999	0.60675054024881	rigor-backfill-v4-GSE267401-GSM8265211_CTC21P	stage3b-full-replication-m2
GSE267401	GSM8265211_CTC21P	6	M3_spatial_leiden	-0.13356257546826	0.73887354024881	rigor-backfill-v4-GSE267401-GSM8265211_CTC21P	stage3b-full-replication
GSE267401	GSM8265211_CTC21P	6	M4_spagcn	0.07741842453173997	0.67775554024881	rigor-backfill-v4-GSE267401-GSM8265211_CTC21P	stage3b-full-replication-m4
GSE267401	GSM8265211_CTC21P	6	M5_stagate	-0.026454575468260022	0.6051845402488099	rigor-backfill-v4-GSE267401-GSM8265211_CTC21P	stage3b-full-replication-m5
GSE267401	GSM8265212_CTC21M	4	M0_expr_kmeans	0.2654598354090141	0.5334313713246801	rigor-backfill-v4-GSE267401-GSM8265212_CTC21M	stage3b-full-replication
GSE267401	GSM8265212_CTC21M	4	M1_spatial_concat_kmeans	0.264557835409014	0.53138237132468	rigor-backfill-v4-GSE267401-GSM8265212_CTC21M	stage3b-full-replication
GSE267401	GSM8265212_CTC21M	4	M2_spatial_ward	-0.02414716459098598	0.62927937132468	rigor-backfill-v4-GSE267401-GSM8265212_CTC21M	stage3b-full-replication-m2
GSE267401	GSM8265212_CTC21M	4	M3_spatial_leiden	-0.056760164590985984	0.91735937132468	rigor-backfill-v4-GSE267401-GSM8265212_CTC21M	stage3b-full-replication
GSE267401	GSM8265212_CTC21M	4	M4_spagcn	0.213794835409014	0.63305937132468	rigor-backfill-v4-GSE267401-GSM8265212_CTC21M	stage3b-full-replication-m4
GSE267401	GSM8265212_CTC21M	4	M5_stagate	0.09793483540901404	0.5349793713246801	rigor-backfill-v4-GSE267401-GSM8265212_CTC21M	stage3b-full-replication-m5
GSE267401	GSM8265212_CTC21M	6	M0_expr_kmeans	0.2366369831556311	0.53604045979101	rigor-backfill-v4-GSE267401-GSM8265212_CTC21M	stage3b-full-replication
GSE267401	GSM8265212_CTC21M	6	M1_spatial_concat_kmeans	0.235992983155631	0.5360444597910101	rigor-backfill-v4-GSE267401-GSM8265212_CTC21M	stage3b-full-replication
GSE267401	GSM8265212_CTC21M	6	M2_spatial_ward	-0.02782401684436897	0.6630984597910101	rigor-backfill-v4-GSE267401-GSM8265212_CTC21M	stage3b-full-replication-m2
GSE267401	GSM8265212_CTC21M	6	M3_spatial_leiden	-0.07052101684436896	0.8519904597910101	rigor-backfill-v4-GSE267401-GSM8265212_CTC21M	stage3b-full-replication
GSE267401	GSM8265212_CTC21M	6	M4_spagcn	0.15152298315563106	0.6313304597910101	rigor-backfill-v4-GSE267401-GSM8265212_CTC21M	stage3b-full-replication-m4
GSE267401	GSM8265212_CTC21M	6	M5_stagate	0.09543798315563101	0.67775845979101	rigor-backfill-v4-GSE267401-GSM8265212_CTC21M	stage3b-full-replication-m5
GSE267401	GSM8265213_CTC17P	4	M0_expr_kmeans	0.2657885198661649	0.44977945050535006	rigor-backfill-v4-GSE267401-GSM8265213_CTC17P	stage3b-full-replication
GSE267401	GSM8265213_CTC17P	4	M1_spatial_concat_kmeans	0.264041519866165	0.44982145050535005	rigor-backfill-v4-GSE267401-GSM8265213_CTC17P	stage3b-full-replication
GSE267401	GSM8265213_CTC17P	4	M2_spatial_ward	-0.017468480133835063	0.39628345050534997	rigor-backfill-v4-GSE267401-GSM8265213_CTC17P	stage3b-full-replication-m2
GSE267401	GSM8265213_CTC17P	4	M3_spatial_leiden	-0.025486480133835032	0.51272545050535	rigor-backfill-v4-GSE267401-GSM8265213_CTC17P	stage3b-full-replication
GSE267401	GSM8265213_CTC17P	4	M4_spagcn	0.152736519866165	0.41607745050535005	rigor-backfill-v4-GSE267401-GSM8265213_CTC17P	stage3b-full-replication-m4
GSE267401	GSM8265213_CTC17P	4	M5_stagate	0.09269451986616495	0.36885545050535007	rigor-backfill-v4-GSE267401-GSM8265213_CTC17P	stage3b-full-replication-m5
GSE267401	GSM8265213_CTC17P	6	M0_expr_kmeans	0.19156428314512797	0.39459330778161006	rigor-backfill-v4-GSE267401-GSM8265213_CTC17P	stage3b-full-replication
GSE267401	GSM8265213_CTC17P	6	M1_spatial_concat_kmeans	0.18927928314512799	0.3948223077816101	rigor-backfill-v4-GSE267401-GSM8265213_CTC17P	stage3b-full-replication
GSE267401	GSM8265213_CTC17P	6	M2_spatial_ward	-0.045110716854872	0.5488513077816101	rigor-backfill-v4-GSE267401-GSM8265213_CTC17P	stage3b-full-replication-m2
GSE267401	GSM8265213_CTC17P	6	M3_spatial_leiden	-0.06768571685487201	0.6102743077816101	rigor-backfill-v4-GSE267401-GSM8265213_CTC17P	stage3b-full-replication
GSE267401	GSM8265213_CTC17P	6	M4_spagcn	0.09602528314512793	0.44949830778161004	rigor-backfill-v4-GSE267401-GSM8265213_CTC17P	stage3b-full-replication-m4
GSE267401	GSM8265213_CTC17P	6	M5_stagate	0.05851228314512791	0.4513263077816101	rigor-backfill-v4-GSE267401-GSM8265213_CTC17P	stage3b-full-replication-m5
GSE267401	GSM8265214_CTC17M	4	M0_expr_kmeans	0.28195843894389405	0.38282838458882806	rigor-backfill-v4-GSE267401-GSM8265214_CTC17M	stage3b-full-replication
GSE267401	GSM8265214_CTC17M	4	M1_spatial_concat_kmeans	0.282133438943894	0.38293938458882804	rigor-backfill-v4-GSE267401-GSM8265214_CTC17M	stage3b-full-replication
GSE267401	GSM8265214_CTC17M	4	M2_spatial_ward	-0.06486356105610602	0.34469738458882804	rigor-backfill-v4-GSE267401-GSM8265214_CTC17M	stage3b-full-replication-m2
GSE267401	GSM8265214_CTC17M	4	M3_spatial_leiden	-0.08805756105610596	0.31725238458882804	rigor-backfill-v4-GSE267401-GSM8265214_CTC17M	stage3b-full-replication
GSE267401	GSM8265214_CTC17M	4	M4_spagcn	0.272446438943894	0.32428538458882805	rigor-backfill-v4-GSE267401-GSM8265214_CTC17M	stage3b-full-replication-m4
GSE267401	GSM8265214_CTC17M	4	M5_stagate	0.12201843894389397	0.394913384588828	rigor-backfill-v4-GSE267401-GSM8265214_CTC17M	stage3b-full-replication-m5
GSE267401	GSM8265214_CTC17M	6	M0_expr_kmeans	0.317398091675834	0.32305561709786	rigor-backfill-v4-GSE267401-GSM8265214_CTC17M	stage3b-full-replication
GSE267401	GSM8265214_CTC17M	6	M1_spatial_concat_kmeans	0.3190440916758339	0.32186361709786	rigor-backfill-v4-GSE267401-GSM8265214_CTC17M	stage3b-full-replication
GSE267401	GSM8265214_CTC17M	6	M2_spatial_ward	-0.10468190832416602	0.37244361709786	rigor-backfill-v4-GSE267401-GSM8265214_CTC17M	stage3b-full-replication-m2
GSE267401	GSM8265214_CTC17M	6	M3_spatial_leiden	-0.137089908324166	0.39311461709786	rigor-backfill-v4-GSE267401-GSM8265214_CTC17M	stage3b-full-replication
GSE267401	GSM8265214_CTC17M	6	M4_spagcn	0.23057809167583398	0.37108761709786	rigor-backfill-v4-GSE267401-GSM8265214_CTC17M	stage3b-full-replication-m4
GSE267401	GSM8265214_CTC17M	6	M5_stagate	0.10423809167583398	0.40682661709786	rigor-backfill-v4-GSE267401-GSM8265214_CTC17M	stage3b-full-replication-m5
GSE280318	GSM8703563_Tumor19	4	M0_expr_kmeans	0.29536243348982794	0.21907698278454796	rigor-backfill-v4-GSE280318-GSM8703563_Tumor19	stage3g-full-replication
GSE280318	GSM8703563_Tumor19	4	M1_spatial_concat_kmeans	0.290209433489828	0.21567998278454797	rigor-backfill-v4-GSE280318-GSM8703563_Tumor19	stage3g-full-replication
GSE280318	GSM8703563_Tumor19	4	M2_spatial_ward	0.018332433489827937	0.12570898278454795	rigor-backfill-v4-GSE280318-GSM8703563_Tumor19	stage3g-full-replication-m2
GSE280318	GSM8703563_Tumor19	4	M3_spatial_leiden	-0.010630566510172024	0.25234398278454795	rigor-backfill-v4-GSE280318-GSM8703563_Tumor19	stage3g-full-replication
GSE280318	GSM8703563_Tumor19	4	M4_spagcn	0.3698684334898279	0.308606982784548	rigor-backfill-v4-GSE280318-GSM8703563_Tumor19	stage3g-full-replication-m4
GSE280318	GSM8703563_Tumor19	4	M5_stagate	0.10104543348982797	0.217927982784548	rigor-backfill-v4-GSE280318-GSM8703563_Tumor19	stage3g-full-replication-m5
GSE280318	GSM8703563_Tumor19	6	M0_expr_kmeans	0.34521412050078193	0.14472621836053	rigor-backfill-v4-GSE280318-GSM8703563_Tumor19	stage3g-full-replication
GSE280318	GSM8703563_Tumor19	6	M1_spatial_concat_kmeans	0.34445012050078194	0.14442221836052999	rigor-backfill-v4-GSE280318-GSM8703563_Tumor19	stage3g-full-replication
GSE280318	GSM8703563_Tumor19	6	M2_spatial_ward	0.014314120500781957	0.09226621836053	rigor-backfill-v4-GSE280318-GSM8703563_Tumor19	stage3g-full-replication-m2
GSE280318	GSM8703563_Tumor19	6	M3_spatial_leiden	-0.03592887949921797	0.21536821836053	rigor-backfill-v4-GSE280318-GSM8703563_Tumor19	stage3g-full-replication
GSE280318	GSM8703563_Tumor19	6	M4_spagcn	0.424038120500782	0.16765621836053002	rigor-backfill-v4-GSE280318-GSM8703563_Tumor19	stage3g-full-replication-m4
GSE280318	GSM8703563_Tumor19	6	M5_stagate	0.11785412050078203	0.15570821836053	rigor-backfill-v4-GSE280318-GSM8703563_Tumor19	stage3g-full-replication-m5
GSE280318	GSM8703564_Tumor20	4	M0_expr_kmeans	0.11769017276308402	-0.014500092130265041	rigor-backfill-v4-GSE280318-GSM8703564_Tumor20	stage3g-full-replication
GSE280318	GSM8703564_Tumor20	4	M1_spatial_concat_kmeans	0.11735317276308399	-0.016048092130265035	rigor-backfill-v4-GSE280318-GSM8703564_Tumor20	stage3g-full-replication
GSE280318	GSM8703564_Tumor20	4	M2_spatial_ward	-0.004563827236915952	-0.13140709213026502	rigor-backfill-v4-GSE280318-GSM8703564_Tumor20	stage3g-full-replication-m2
GSE280318	GSM8703564_Tumor20	4	M3_spatial_leiden	-0.04176582723691602	0.08916490786973497	rigor-backfill-v4-GSE280318-GSM8703564_Tumor20	stage3g-full-replication
GSE280318	GSM8703564_Tumor20	4	M4_spagcn	0.08924917276308397	-0.03134509213026504	rigor-backfill-v4-GSE280318-GSM8703564_Tumor20	stage3g-full-replication-m4
GSE280318	GSM8703564_Tumor20	4	M5_stagate	0.03398617276308402	-0.02388409213026499	rigor-backfill-v4-GSE280318-GSM8703564_Tumor20	stage3g-full-replication-m5
GSE280318	GSM8703564_Tumor20	6	M0_expr_kmeans	0.147303461451885	0.0003247726049210309	rigor-backfill-v4-GSE280318-GSM8703564_Tumor20	stage3g-full-replication
GSE280318	GSM8703564_Tumor20	6	M1_spatial_concat_kmeans	0.14784246145188507	-0.0010422273950789762	rigor-backfill-v4-GSE280318-GSM8703564_Tumor20	stage3g-full-replication
GSE280318	GSM8703564_Tumor20	6	M2_spatial_ward	-0.029540538548115003	0.04637077260492095	rigor-backfill-v4-GSE280318-GSM8703564_Tumor20	stage3g-full-replication-m2
GSE280318	GSM8703564_Tumor20	6	M3_spatial_leiden	-0.069639538548115	0.206490772604921	rigor-backfill-v4-GSE280318-GSM8703564_Tumor20	stage3g-full-replication
GSE280318	GSM8703564_Tumor20	6	M4_spagcn	0.12984746145188508	0.178267772604921	rigor-backfill-v4-GSE280318-GSM8703564_Tumor20	stage3g-full-replication-m4
GSE280318	GSM8703564_Tumor20	6	M5_stagate	0.05409646145188507	0.09680277260492098	rigor-backfill-v4-GSE280318-GSM8703564_Tumor20	stage3g-full-replication-m5
GSE280318	GSM8703565_Tumor24	4	M0_expr_kmeans	0.13340329755722202	0.25336614067516605	rigor-backfill-v4-GSE280318-GSM8703565_Tumor24	stage3g-full-replication
GSE280318	GSM8703565_Tumor24	4	M1_spatial_concat_kmeans	0.1328422975572221	0.24933214067516596	rigor-backfill-v4-GSE280318-GSM8703565_Tumor24	stage3g-full-replication
GSE280318	GSM8703565_Tumor24	4	M2_spatial_ward	0.01674129755722209	0.26525014067516606	rigor-backfill-v4-GSE280318-GSM8703565_Tumor24	stage3g-full-replication-m2
GSE280318	GSM8703565_Tumor24	4	M3_spatial_leiden	-0.04425570244277799	0.401816140675166	rigor-backfill-v4-GSE280318-GSM8703565_Tumor24	stage3g-full-replication
GSE280318	GSM8703565_Tumor24	4	M4_spagcn	0.10636629755722204	0.26559414067516596	rigor-backfill-v4-GSE280318-GSM8703565_Tumor24	stage3g-full-replication-m4
GSE280318	GSM8703565_Tumor24	4	M5_stagate	0.052011297557222	0.23404714067516597	rigor-backfill-v4-GSE280318-GSM8703565_Tumor24	stage3g-full-replication-m5
GSE280318	GSM8703565_Tumor24	6	M0_expr_kmeans	0.16455222292748595	0.062583278454302	rigor-backfill-v4-GSE280318-GSM8703565_Tumor24	stage3g-full-replication
GSE280318	GSM8703565_Tumor24	6	M1_spatial_concat_kmeans	0.163102222927486	0.06200127845430203	rigor-backfill-v4-GSE280318-GSM8703565_Tumor24	stage3g-full-replication
GSE280318	GSM8703565_Tumor24	6	M2_spatial_ward	-0.007259777072514018	0.14225327845430202	rigor-backfill-v4-GSE280318-GSM8703565_Tumor24	stage3g-full-replication-m2
GSE280318	GSM8703565_Tumor24	6	M3_spatial_leiden	-0.06559077707251404	0.23481627845430203	rigor-backfill-v4-GSE280318-GSM8703565_Tumor24	stage3g-full-replication
GSE280318	GSM8703565_Tumor24	6	M4_spagcn	0.13297722292748593	0.09975527845430199	rigor-backfill-v4-GSE280318-GSM8703565_Tumor24	stage3g-full-replication-m4
GSE280318	GSM8703565_Tumor24	6	M5_stagate	0.06332622292748602	0.11443127845430201	rigor-backfill-v4-GSE280318-GSM8703565_Tumor24	stage3g-full-replication-m5
GSE280318	GSM8703566_Tumor26	4	M0_expr_kmeans	0.28466669657422505	0.218504913061783	rigor-backfill-v4-GSE280318-GSM8703566_Tumor26	stage3g-full-replication
GSE280318	GSM8703566_Tumor26	4	M1_spatial_concat_kmeans	0.284568696574225	0.218753913061783	rigor-backfill-v4-GSE280318-GSM8703566_Tumor26	stage3g-full-replication
GSE280318	GSM8703566_Tumor26	4	M2_spatial_ward	0.020829696574225065	0.098813913061783	rigor-backfill-v4-GSE280318-GSM8703566_Tumor26	stage3g-full-replication-m2
GSE280318	GSM8703566_Tumor26	4	M3_spatial_leiden	-0.03885730342577498	0.16978591306178298	rigor-backfill-v4-GSE280318-GSM8703566_Tumor26	stage3g-full-replication
GSE280318	GSM8703566_Tumor26	4	M4_spagcn	0.199404696574225	0.16583791306178297	rigor-backfill-v4-GSE280318-GSM8703566_Tumor26	stage3g-full-replication-m4
GSE280318	GSM8703566_Tumor26	4	M5_stagate	0.07573469657422505	0.269774913061783	rigor-backfill-v4-GSE280318-GSM8703566_Tumor26	stage3g-full-replication-m5
GSE280318	GSM8703566_Tumor26	6	M0_expr_kmeans	0.314239615008157	0.16546913565744203	rigor-backfill-v4-GSE280318-GSM8703566_Tumor26	stage3g-full-replication
GSE280318	GSM8703566_Tumor26	6	M1_spatial_concat_kmeans	0.3125806150081569	0.15918913565744203	rigor-backfill-v4-GSE280318-GSM8703566_Tumor26	stage3g-full-replication
GSE280318	GSM8703566_Tumor26	6	M2_spatial_ward	0.009212615008156955	0.15133113565744205	rigor-backfill-v4-GSE280318-GSM8703566_Tumor26	stage3g-full-replication-m2
GSE280318	GSM8703566_Tumor26	6	M4_spagcn	0.253453615008157	0.145629135657442	rigor-backfill-v4-GSE280318-GSM8703566_Tumor26	stage3g-full-replication-m4
GSE280318	GSM8703566_Tumor26	6	M5_stagate	0.08773861500815694	0.250650135657442	rigor-backfill-v4-GSE280318-GSM8703566_Tumor26	stage3g-full-replication-m5
