dataset_id	sample_id	method_id	preprocessing_id	param_set_id	K	domain_id	top_marker_n	marker_reproducibility_within_dataset	marker_reproducibility_across_datasets	enrichment_coherence_score	notes
GSE280318	GSM8703563_Tumor19	M0_expr_kmeans	log1p_hvg	K4	4	0	20	0.03824		0.178217	
GSE280318	GSM8703563_Tumor19	M0_expr_kmeans	log1p_hvg	K4	4	1	20	0.246484		0.459848	
GSE280318	GSM8703563_Tumor19	M0_expr_kmeans	log1p_hvg	K4	4	2	20	0.515702		0.548202	
GSE280318	GSM8703563_Tumor19	M0_expr_kmeans	log1p_hvg	K4	4	3	20	0.283251		0.32108	
GSE280318	GSM8703563_Tumor19	M0_expr_kmeans	log1p_hvg	K6	6	0	20	0.318394		0.364038	
GSE280318	GSM8703563_Tumor19	M0_expr_kmeans	log1p_hvg	K6	6	1	20	0.630565		0.740922	
GSE280318	GSM8703563_Tumor19	M0_expr_kmeans	log1p_hvg	K6	6	2	20	0.333613		0.372015	
GSE280318	GSM8703563_Tumor19	M0_expr_kmeans	log1p_hvg	K6	6	3	20	0.230935		0.430996	
GSE280318	GSM8703563_Tumor19	M0_expr_kmeans	log1p_hvg	K6	6	4	20	0.078826		0.380481	
GSE280318	GSM8703563_Tumor19	M0_expr_kmeans	log1p_hvg	K6	6	5	20	0.011923		0.076438	
GSE280318	GSM8703563_Tumor19	M1_spatial_concat_kmeans	log1p_hvg	K4	4	0	20	0.516382		0.545925	
GSE280318	GSM8703563_Tumor19	M1_spatial_concat_kmeans	log1p_hvg	K4	4	1	20	0.257995		0.482323	
GSE280318	GSM8703563_Tumor19	M1_spatial_concat_kmeans	log1p_hvg	K4	4	2	20	0.041867		0.182351	
GSE280318	GSM8703563_Tumor19	M1_spatial_concat_kmeans	log1p_hvg	K4	4	3	20	0.279865		0.324826	
GSE280318	GSM8703563_Tumor19	M1_spatial_concat_kmeans	log1p_hvg	K6	6	0	20	0.236106		0.442428	
GSE280318	GSM8703563_Tumor19	M1_spatial_concat_kmeans	log1p_hvg	K6	6	1	20	0.317357		0.365712	
GSE280318	GSM8703563_Tumor19	M1_spatial_concat_kmeans	log1p_hvg	K6	6	2	20	0.012583		0.071913	
GSE280318	GSM8703563_Tumor19	M1_spatial_concat_kmeans	log1p_hvg	K6	6	3	20	0.079132		0.382096	
GSE280318	GSM8703563_Tumor19	M1_spatial_concat_kmeans	log1p_hvg	K6	6	4	20	0.342873		0.383941	
GSE280318	GSM8703563_Tumor19	M1_spatial_concat_kmeans	log1p_hvg	K6	6	5	20	0.65127		0.777465	
GSE280318	GSM8703563_Tumor19	M3_spatial_leiden	log1p_hvg	K4	4	0	20	0.2847		0.340218	
GSE280318	GSM8703563_Tumor19	M3_spatial_leiden	log1p_hvg	K4	4	1	20	0.233284		0.547361	
GSE280318	GSM8703563_Tumor19	M3_spatial_leiden	log1p_hvg	K4	4	2	20	0.163918		0.281103	
GSE280318	GSM8703563_Tumor19	M3_spatial_leiden	log1p_hvg	K4	4	3	20	0.169219		0.346167	
GSE280318	GSM8703563_Tumor19	M3_spatial_leiden	log1p_hvg	K6	6	0	20	0.357404		0.427446	
GSE280318	GSM8703563_Tumor19	M3_spatial_leiden	log1p_hvg	K6	6	1	20	0.177085		0.489027	
GSE280318	GSM8703563_Tumor19	M3_spatial_leiden	log1p_hvg	K6	6	2	20	0.16819		0.331377	
GSE280318	GSM8703563_Tumor19	M3_spatial_leiden	log1p_hvg	K6	6	3	20	0.299176		0.614762	
GSE280318	GSM8703563_Tumor19	M3_spatial_leiden	log1p_hvg	K6	6	4	20	0.204617		0.55563	
GSE280318	GSM8703563_Tumor19	M3_spatial_leiden	log1p_hvg	K6	6	5	20	0.204151		0.267885	
GSE280318	GSM8703564_Tumor20	M0_expr_kmeans	log1p_hvg	K4	4	0	20	1.995444		3.012564	
GSE280318	GSM8703564_Tumor20	M0_expr_kmeans	log1p_hvg	K4	4	1	20	0.45574		0.64633	
GSE280318	GSM8703564_Tumor20	M0_expr_kmeans	log1p_hvg	K4	4	2	20	0.835686		0.894599	
GSE280318	GSM8703564_Tumor20	M0_expr_kmeans	log1p_hvg	K4	4	3	20	0.487388		1.330177	
GSE280318	GSM8703564_Tumor20	M0_expr_kmeans	log1p_hvg	K6	6	0	20	0.581603		0.700562	
GSE280318	GSM8703564_Tumor20	M0_expr_kmeans	log1p_hvg	K6	6	1	20	0.778739		1.583589	
GSE280318	GSM8703564_Tumor20	M0_expr_kmeans	log1p_hvg	K6	6	2	20	0.188867		0.435019	
GSE280318	GSM8703564_Tumor20	M0_expr_kmeans	log1p_hvg	K6	6	3	20	0.871489		0.925315	
GSE280318	GSM8703564_Tumor20	M0_expr_kmeans	log1p_hvg	K6	6	4	20	2.238028		3.023678	
GSE280318	GSM8703564_Tumor20	M0_expr_kmeans	log1p_hvg	K6	6	5	20	0.86089		1.550002	
GSE280318	GSM8703564_Tumor20	M1_spatial_concat_kmeans	log1p_hvg	K4	4	0	20	1.995444		3.012564	
GSE280318	GSM8703564_Tumor20	M1_spatial_concat_kmeans	log1p_hvg	K4	4	1	20	0.456632		0.641462	
GSE280318	GSM8703564_Tumor20	M1_spatial_concat_kmeans	log1p_hvg	K4	4	2	20	0.835686		0.894599	
GSE280318	GSM8703564_Tumor20	M1_spatial_concat_kmeans	log1p_hvg	K4	4	3	20	0.490484		1.333568	
GSE280318	GSM8703564_Tumor20	M1_spatial_concat_kmeans	log1p_hvg	K6	6	0	20	0.864039		1.554254	
GSE280318	GSM8703564_Tumor20	M1_spatial_concat_kmeans	log1p_hvg	K6	6	1	20	0.871489		0.925315	
GSE280318	GSM8703564_Tumor20	M1_spatial_concat_kmeans	log1p_hvg	K6	6	2	20	0.189834		0.433981	
GSE280318	GSM8703564_Tumor20	M1_spatial_concat_kmeans	log1p_hvg	K6	6	3	20	0.787676		1.58993	
GSE280318	GSM8703564_Tumor20	M1_spatial_concat_kmeans	log1p_hvg	K6	6	4	20	0.581628		0.705036	
GSE280318	GSM8703564_Tumor20	M1_spatial_concat_kmeans	log1p_hvg	K6	6	5	20	2.238028		3.023678	
GSE280318	GSM8703564_Tumor20	M3_spatial_leiden	log1p_hvg	K4	4	0	20	0.527457		0.814352	
GSE280318	GSM8703564_Tumor20	M3_spatial_leiden	log1p_hvg	K4	4	1	20	0.570968		1.024788	
GSE280318	GSM8703564_Tumor20	M3_spatial_leiden	log1p_hvg	K4	4	2	20	0.595849		0.858317	
GSE280318	GSM8703564_Tumor20	M3_spatial_leiden	log1p_hvg	K4	4	3	20	0.401284		1.267804	
GSE280318	GSM8703564_Tumor20	M3_spatial_leiden	log1p_hvg	K6	6	0	20	0.698532		1.556947	
GSE280318	GSM8703564_Tumor20	M3_spatial_leiden	log1p_hvg	K6	6	1	20	0.581212		0.80394	
GSE280318	GSM8703564_Tumor20	M3_spatial_leiden	log1p_hvg	K6	6	2	20	0.476022		0.761937	
GSE280318	GSM8703564_Tumor20	M3_spatial_leiden	log1p_hvg	K6	6	3	20	0.619501		0.810164	
GSE280318	GSM8703564_Tumor20	M3_spatial_leiden	log1p_hvg	K6	6	4	20	0.502343		0.818507	
GSE280318	GSM8703564_Tumor20	M3_spatial_leiden	log1p_hvg	K6	6	5	20	0.684371		0.841824	
GSE280318	GSM8703565_Tumor24	M0_expr_kmeans	log1p_hvg	K4	4	0	20	0.563133		0.66499	
GSE280318	GSM8703565_Tumor24	M0_expr_kmeans	log1p_hvg	K4	4	1	20	0.635983		1.055616	
GSE280318	GSM8703565_Tumor24	M0_expr_kmeans	log1p_hvg	K4	4	2	20	0.527756		1.595922	
GSE280318	GSM8703565_Tumor24	M0_expr_kmeans	log1p_hvg	K4	4	3	20	0.350903		0.971869	
GSE280318	GSM8703565_Tumor24	M0_expr_kmeans	log1p_hvg	K6	6	0	20	0.615113		0.715206	
GSE280318	GSM8703565_Tumor24	M0_expr_kmeans	log1p_hvg	K6	6	1	20	0.671353		1.343312	
GSE280318	GSM8703565_Tumor24	M0_expr_kmeans	log1p_hvg	K6	6	2	20	0.427841		1.213213	
GSE280318	GSM8703565_Tumor24	M0_expr_kmeans	log1p_hvg	K6	6	3	20	0.618186		1.107708	
GSE280318	GSM8703565_Tumor24	M0_expr_kmeans	log1p_hvg	K6	6	4	20	0.325155		0.423131	
GSE280318	GSM8703565_Tumor24	M0_expr_kmeans	log1p_hvg	K6	6	5	20	0.528274		1.636864	
GSE280318	GSM8703565_Tumor24	M1_spatial_concat_kmeans	log1p_hvg	K4	4	0	20	0.633852		1.052722	
GSE280318	GSM8703565_Tumor24	M1_spatial_concat_kmeans	log1p_hvg	K4	4	1	20	0.563905		0.665888	
GSE280318	GSM8703565_Tumor24	M1_spatial_concat_kmeans	log1p_hvg	K4	4	2	20	0.535054		1.62309	
GSE280318	GSM8703565_Tumor24	M1_spatial_concat_kmeans	log1p_hvg	K4	4	3	20	0.350627		0.963213	
GSE280318	GSM8703565_Tumor24	M1_spatial_concat_kmeans	log1p_hvg	K6	6	0	20	0.61815		1.118228	
GSE280318	GSM8703565_Tumor24	M1_spatial_concat_kmeans	log1p_hvg	K6	6	1	20	0.615282		0.717574	
GSE280318	GSM8703565_Tumor24	M1_spatial_concat_kmeans	log1p_hvg	K6	6	2	20	0.32729		0.427674	
GSE280318	GSM8703565_Tumor24	M1_spatial_concat_kmeans	log1p_hvg	K6	6	3	20	0.529717		1.637408	
GSE280318	GSM8703565_Tumor24	M1_spatial_concat_kmeans	log1p_hvg	K6	6	4	20	0.673219		1.337258	
GSE280318	GSM8703565_Tumor24	M1_spatial_concat_kmeans	log1p_hvg	K6	6	5	20	0.437962		1.222255	
GSE280318	GSM8703565_Tumor24	M3_spatial_leiden	log1p_hvg	K4	4	0	20	0.433356		0.845652	
GSE280318	GSM8703565_Tumor24	M3_spatial_leiden	log1p_hvg	K4	4	1	20	0.366151		0.586168	
GSE280318	GSM8703565_Tumor24	M3_spatial_leiden	log1p_hvg	K4	4	2	20	0.303104		0.512049	
GSE280318	GSM8703565_Tumor24	M3_spatial_leiden	log1p_hvg	K4	4	3	20	0.464725		0.90274	
GSE280318	GSM8703565_Tumor24	M3_spatial_leiden	log1p_hvg	K6	6	0	20	0.284733		0.449289	
GSE280318	GSM8703565_Tumor24	M3_spatial_leiden	log1p_hvg	K6	6	1	20	0.332752		0.546953	
GSE280318	GSM8703565_Tumor24	M3_spatial_leiden	log1p_hvg	K6	6	2	20	0.443608		0.807071	
GSE280318	GSM8703565_Tumor24	M3_spatial_leiden	log1p_hvg	K6	6	3	20	0.289812		0.33628	
GSE280318	GSM8703565_Tumor24	M3_spatial_leiden	log1p_hvg	K6	6	4	20	0.599497		1.546351	
GSE280318	GSM8703565_Tumor24	M3_spatial_leiden	log1p_hvg	K6	6	5	20	0.293954		0.488963	
GSE280318	GSM8703566_Tumor26	M0_expr_kmeans	log1p_hvg	K4	4	0	20	0.38428		0.42634	
GSE280318	GSM8703566_Tumor26	M0_expr_kmeans	log1p_hvg	K4	4	1	20	0.169984		0.366994	
GSE280318	GSM8703566_Tumor26	M0_expr_kmeans	log1p_hvg	K4	4	2	20	-0.059914		0.202302	
GSE280318	GSM8703566_Tumor26	M0_expr_kmeans	log1p_hvg	K4	4	3	20	0.559339		0.618351	
GSE280318	GSM8703566_Tumor26	M0_expr_kmeans	log1p_hvg	K6	6	0	20	0.338986		0.374511	
GSE280318	GSM8703566_Tumor26	M0_expr_kmeans	log1p_hvg	K6	6	1	20	-0.053924		0.177823	
GSE280318	GSM8703566_Tumor26	M0_expr_kmeans	log1p_hvg	K6	6	2	20	0.426418		0.525607	
GSE280318	GSM8703566_Tumor26	M0_expr_kmeans	log1p_hvg	K6	6	3	20	0.375908		0.643551	
GSE280318	GSM8703566_Tumor26	M0_expr_kmeans	log1p_hvg	K6	6	4	20	0.620485		0.700619	
GSE280318	GSM8703566_Tumor26	M0_expr_kmeans	log1p_hvg	K6	6	5	20	0.103738		0.348749	
GSE280318	GSM8703566_Tumor26	M1_spatial_concat_kmeans	log1p_hvg	K4	4	0	20	0.384402		0.426106	
GSE280318	GSM8703566_Tumor26	M1_spatial_concat_kmeans	log1p_hvg	K4	4	1	20	0.169365		0.364871	
GSE280318	GSM8703566_Tumor26	M1_spatial_concat_kmeans	log1p_hvg	K4	4	2	20	-0.059914		0.202302	
GSE280318	GSM8703566_Tumor26	M1_spatial_concat_kmeans	log1p_hvg	K4	4	3	20	0.559339		0.618351	
GSE280318	GSM8703566_Tumor26	M1_spatial_concat_kmeans	log1p_hvg	K6	6	0	20	0.439514		0.543302	
GSE280318	GSM8703566_Tumor26	M1_spatial_concat_kmeans	log1p_hvg	K6	6	1	20	0.106701		0.334651	
GSE280318	GSM8703566_Tumor26	M1_spatial_concat_kmeans	log1p_hvg	K6	6	2	20	0.619245		0.698386	
GSE280318	GSM8703566_Tumor26	M1_spatial_concat_kmeans	log1p_hvg	K6	6	3	20	0.336913		0.377848	
GSE280318	GSM8703566_Tumor26	M1_spatial_concat_kmeans	log1p_hvg	K6	6	4	20	0.344587		0.603323	
GSE280318	GSM8703566_Tumor26	M1_spatial_concat_kmeans	log1p_hvg	K6	6	5	20	-0.04817		0.190964	
GSE280318	GSM8703566_Tumor26	M3_spatial_leiden	log1p_hvg	K4	4	0	20	0.289203		0.721956	
GSE280318	GSM8703566_Tumor26	M3_spatial_leiden	log1p_hvg	K4	4	1	20	0.360126		0.415134	
GSE280318	GSM8703566_Tumor26	M3_spatial_leiden	log1p_hvg	K4	4	2	20	0.256191		0.485399	
GSE280318	GSM8703566_Tumor26	M3_spatial_leiden	log1p_hvg	K4	4	3	20	0.472975		0.555801	
GSE280318	GSM8703566_Tumor26	M3_spatial_leiden	log1p_hvg	K6	6	0	20	0.314282		0.57135	
GSE280318	GSM8703566_Tumor26	M3_spatial_leiden	log1p_hvg	K6	6	1	20	0.039481		0.351348	
GSE280318	GSM8703566_Tumor26	M3_spatial_leiden	log1p_hvg	K6	6	2	20	0.348558		0.429327	
GSE280318	GSM8703566_Tumor26	M3_spatial_leiden	log1p_hvg	K6	6	3	20	0.350154		0.449059	
GSE280318	GSM8703566_Tumor26	M3_spatial_leiden	log1p_hvg	K6	6	4	20	0.566638		1.128113	
GSE311294	GSM9322957_TR11_206	M0_expr_kmeans	log1p_hvg	K4	4	0	20	0.341523		1.458481	
GSE311294	GSM9322957_TR11_206	M0_expr_kmeans	log1p_hvg	K4	4	1	20	1.360516		1.762632	
GSE311294	GSM9322957_TR11_206	M0_expr_kmeans	log1p_hvg	K4	4	2	20	1.453214		1.949502	
GSE311294	GSM9322957_TR11_206	M0_expr_kmeans	log1p_hvg	K4	4	3	20	2.349988		4.30668	
GSE311294	GSM9322957_TR11_206	M0_expr_kmeans	log1p_hvg	K6	6	0	20	0.363398		1.508467	
GSE311294	GSM9322957_TR11_206	M0_expr_kmeans	log1p_hvg	K6	6	1	20	1.374199		1.947181	
GSE311294	GSM9322957_TR11_206	M0_expr_kmeans	log1p_hvg	K6	6	2	20	0.708081		1.043799	
GSE311294	GSM9322957_TR11_206	M0_expr_kmeans	log1p_hvg	K6	6	3	20	2.36371		4.293436	
GSE311294	GSM9322957_TR11_206	M0_expr_kmeans	log1p_hvg	K6	6	4	20	1.19051		1.550666	
GSE311294	GSM9322957_TR11_206	M0_expr_kmeans	log1p_hvg	K6	6	5	20	1.557068		2.074231	
GSE311294	GSM9322957_TR11_206	M1_spatial_concat_kmeans	log1p_hvg	K4	4	0	20	0.341523		1.458481	
GSE311294	GSM9322957_TR11_206	M1_spatial_concat_kmeans	log1p_hvg	K4	4	1	20	1.453214		1.949502	
GSE311294	GSM9322957_TR11_206	M1_spatial_concat_kmeans	log1p_hvg	K4	4	2	20	1.360516		1.762632	
GSE311294	GSM9322957_TR11_206	M1_spatial_concat_kmeans	log1p_hvg	K4	4	3	20	2.349988		4.30668	
GSE311294	GSM9322957_TR11_206	M1_spatial_concat_kmeans	log1p_hvg	K6	6	0	20	0.363398		1.508467	
GSE311294	GSM9322957_TR11_206	M1_spatial_concat_kmeans	log1p_hvg	K6	6	1	20	1.372722		1.941136	
GSE311294	GSM9322957_TR11_206	M1_spatial_concat_kmeans	log1p_hvg	K6	6	2	20	0.709496		1.044449	
GSE311294	GSM9322957_TR11_206	M1_spatial_concat_kmeans	log1p_hvg	K6	6	3	20	2.36371		4.293436	
GSE311294	GSM9322957_TR11_206	M1_spatial_concat_kmeans	log1p_hvg	K6	6	4	20	1.19051		1.550666	
GSE311294	GSM9322957_TR11_206	M1_spatial_concat_kmeans	log1p_hvg	K6	6	5	20	1.558514		2.078465	
GSE311294	GSM9322957_TR11_206	M3_spatial_leiden	log1p_hvg	K4	4	0	20	1.597118		2.583575	
GSE311294	GSM9322957_TR11_206	M3_spatial_leiden	log1p_hvg	K4	4	1	20	0.383224		0.498092	
GSE311294	GSM9322957_TR11_206	M3_spatial_leiden	log1p_hvg	K4	4	2	20	0.529252		0.918922	
GSE311294	GSM9322957_TR11_206	M3_spatial_leiden	log1p_hvg	K4	4	3	20	0.625016		0.951753	
GSE311294	GSM9322957_TR11_206	M3_spatial_leiden	log1p_hvg	K6	6	0	20	0.397702		0.529749	
GSE311294	GSM9322957_TR11_206	M3_spatial_leiden	log1p_hvg	K6	6	1	20	1.233619		1.511113	
GSE311294	GSM9322957_TR11_206	M3_spatial_leiden	log1p_hvg	K6	6	2	20	0.572745		0.872941	
GSE311294	GSM9322957_TR11_206	M3_spatial_leiden	log1p_hvg	K6	6	3	20	0.640182		0.934355	
GSE311294	GSM9322957_TR11_206	M3_spatial_leiden	log1p_hvg	K6	6	4	20	1.055886		1.889348	
GSE311294	GSM9322957_TR11_206	M3_spatial_leiden	log1p_hvg	K6	6	5	20	0.55064		1.104996	
GSE267401	GSM8265211_CTC21P	M0_expr_kmeans	log1p_hvg	K4	4	0	20	2.350187		4.241045	
GSE267401	GSM8265211_CTC21P	M0_expr_kmeans	log1p_hvg	K4	4	1	20	1.7852		2.147654	
GSE267401	GSM8265211_CTC21P	M0_expr_kmeans	log1p_hvg	K4	4	2	20	1.234058		2.856443	
GSE267401	GSM8265211_CTC21P	M0_expr_kmeans	log1p_hvg	K4	4	3	20	0.78289		2.170382	
GSE267401	GSM8265211_CTC21P	M0_expr_kmeans	log1p_hvg	K6	6	0	20	0.854384		1.207817	
GSE267401	GSM8265211_CTC21P	M0_expr_kmeans	log1p_hvg	K6	6	1	20	1.905182		3.795559	
GSE267401	GSM8265211_CTC21P	M0_expr_kmeans	log1p_hvg	K6	6	2	20	2.28257		3.935608	
GSE267401	GSM8265211_CTC21P	M0_expr_kmeans	log1p_hvg	K6	6	3	20	1.516335		1.778478	
GSE267401	GSM8265211_CTC21P	M0_expr_kmeans	log1p_hvg	K6	6	4	20	0.679831		2.548841	
GSE267401	GSM8265211_CTC21P	M0_expr_kmeans	log1p_hvg	K6	6	5	20	0.826639		2.359925	
GSE267401	GSM8265211_CTC21P	M1_spatial_concat_kmeans	log1p_hvg	K4	4	0	20	2.350187		4.241045	
GSE267401	GSM8265211_CTC21P	M1_spatial_concat_kmeans	log1p_hvg	K4	4	1	20	0.78289		2.170382	
GSE267401	GSM8265211_CTC21P	M1_spatial_concat_kmeans	log1p_hvg	K4	4	2	20	1.234058		2.856443	
GSE267401	GSM8265211_CTC21P	M1_spatial_concat_kmeans	log1p_hvg	K4	4	3	20	1.7852		2.147654	
GSE267401	GSM8265211_CTC21P	M1_spatial_concat_kmeans	log1p_hvg	K6	6	0	20	0.854516		1.209338	
GSE267401	GSM8265211_CTC21P	M1_spatial_concat_kmeans	log1p_hvg	K6	6	1	20	1.905182		3.795559	
GSE267401	GSM8265211_CTC21P	M1_spatial_concat_kmeans	log1p_hvg	K6	6	2	20	2.28257		3.935608	
GSE267401	GSM8265211_CTC21P	M1_spatial_concat_kmeans	log1p_hvg	K6	6	3	20	1.516855		1.777769	
GSE267401	GSM8265211_CTC21P	M1_spatial_concat_kmeans	log1p_hvg	K6	6	4	20	0.679831		2.548841	
GSE267401	GSM8265211_CTC21P	M1_spatial_concat_kmeans	log1p_hvg	K6	6	5	20	0.826639		2.359925	
GSE267401	GSM8265211_CTC21P	M3_spatial_leiden	log1p_hvg	K4	4	0	20	1.259858		1.508811	
GSE267401	GSM8265211_CTC21P	M3_spatial_leiden	log1p_hvg	K4	4	1	20	1.353664		2.879056	
GSE267401	GSM8265211_CTC21P	M3_spatial_leiden	log1p_hvg	K4	4	2	20	0.701056		1.665505	
GSE267401	GSM8265211_CTC21P	M3_spatial_leiden	log1p_hvg	K4	4	3	20	0.725154		1.09534	
GSE267401	GSM8265211_CTC21P	M3_spatial_leiden	log1p_hvg	K6	6	0	20	1.086612		1.366455	
GSE267401	GSM8265211_CTC21P	M3_spatial_leiden	log1p_hvg	K6	6	1	20	1.321105		2.978597	
GSE267401	GSM8265211_CTC21P	M3_spatial_leiden	log1p_hvg	K6	6	2	20	0.843473		1.224236	
GSE267401	GSM8265211_CTC21P	M3_spatial_leiden	log1p_hvg	K6	6	3	20	1.003971		1.256959	
GSE267401	GSM8265211_CTC21P	M3_spatial_leiden	log1p_hvg	K6	6	4	20	1.384342		2.166574	
GSE267401	GSM8265211_CTC21P	M3_spatial_leiden	log1p_hvg	K6	6	5	20	1.999576		4.231375	
GSE311294	GSM9322957_TR11_206	M0_expr_kmeans	log1p_hvg	K4	4	0	20	0.341523		1.458481	
GSE311294	GSM9322957_TR11_206	M0_expr_kmeans	log1p_hvg	K4	4	1	20	1.360516		1.762632	
GSE311294	GSM9322957_TR11_206	M0_expr_kmeans	log1p_hvg	K4	4	2	20	1.453214		1.949502	
GSE311294	GSM9322957_TR11_206	M0_expr_kmeans	log1p_hvg	K4	4	3	20	2.349988		4.30668	
GSE311294	GSM9322957_TR11_206	M0_expr_kmeans	log1p_hvg	K6	6	0	20	0.363398		1.508467	
GSE311294	GSM9322957_TR11_206	M0_expr_kmeans	log1p_hvg	K6	6	1	20	1.374199		1.947181	
GSE311294	GSM9322957_TR11_206	M0_expr_kmeans	log1p_hvg	K6	6	2	20	0.708081		1.043799	
GSE311294	GSM9322957_TR11_206	M0_expr_kmeans	log1p_hvg	K6	6	3	20	2.36371		4.293436	
GSE311294	GSM9322957_TR11_206	M0_expr_kmeans	log1p_hvg	K6	6	4	20	1.19051		1.550666	
GSE311294	GSM9322957_TR11_206	M0_expr_kmeans	log1p_hvg	K6	6	5	20	1.557068		2.074231	
GSE311294	GSM9322957_TR11_206	M1_spatial_concat_kmeans	log1p_hvg	K4	4	0	20	0.341523		1.458481	
GSE311294	GSM9322957_TR11_206	M1_spatial_concat_kmeans	log1p_hvg	K4	4	1	20	1.453214		1.949502	
GSE311294	GSM9322957_TR11_206	M1_spatial_concat_kmeans	log1p_hvg	K4	4	2	20	1.360516		1.762632	
GSE311294	GSM9322957_TR11_206	M1_spatial_concat_kmeans	log1p_hvg	K4	4	3	20	2.349988		4.30668	
GSE311294	GSM9322957_TR11_206	M1_spatial_concat_kmeans	log1p_hvg	K6	6	0	20	0.363398		1.508467	
GSE311294	GSM9322957_TR11_206	M1_spatial_concat_kmeans	log1p_hvg	K6	6	1	20	1.372722		1.941136	
GSE311294	GSM9322957_TR11_206	M1_spatial_concat_kmeans	log1p_hvg	K6	6	2	20	0.709496		1.044449	
GSE311294	GSM9322957_TR11_206	M1_spatial_concat_kmeans	log1p_hvg	K6	6	3	20	2.36371		4.293436	
GSE311294	GSM9322957_TR11_206	M1_spatial_concat_kmeans	log1p_hvg	K6	6	4	20	1.19051		1.550666	
GSE311294	GSM9322957_TR11_206	M1_spatial_concat_kmeans	log1p_hvg	K6	6	5	20	1.558514		2.078465	
GSE311294	GSM9322957_TR11_206	M3_spatial_leiden	log1p_hvg	K4	4	0	20	1.597118		2.583575	
GSE311294	GSM9322957_TR11_206	M3_spatial_leiden	log1p_hvg	K4	4	1	20	0.383224		0.498092	
GSE311294	GSM9322957_TR11_206	M3_spatial_leiden	log1p_hvg	K4	4	2	20	0.529252		0.918922	
GSE311294	GSM9322957_TR11_206	M3_spatial_leiden	log1p_hvg	K4	4	3	20	0.625016		0.951753	
GSE311294	GSM9322957_TR11_206	M3_spatial_leiden	log1p_hvg	K6	6	0	20	0.397702		0.529749	
GSE311294	GSM9322957_TR11_206	M3_spatial_leiden	log1p_hvg	K6	6	1	20	1.233619		1.511113	
GSE311294	GSM9322957_TR11_206	M3_spatial_leiden	log1p_hvg	K6	6	2	20	0.572745		0.872941	
GSE311294	GSM9322957_TR11_206	M3_spatial_leiden	log1p_hvg	K6	6	3	20	0.640182		0.934355	
GSE311294	GSM9322957_TR11_206	M3_spatial_leiden	log1p_hvg	K6	6	4	20	1.055886		1.889348	
GSE311294	GSM9322957_TR11_206	M3_spatial_leiden	log1p_hvg	K6	6	5	20	0.55064		1.104996	
GSE311294	GSM9322958_TR11_16184	M0_expr_kmeans	log1p_hvg	K4	4	0	20	1.111569		1.498706	
GSE311294	GSM9322958_TR11_16184	M0_expr_kmeans	log1p_hvg	K4	4	1	20	0.439296		0.69586	
GSE311294	GSM9322958_TR11_16184	M0_expr_kmeans	log1p_hvg	K4	4	2	20	0.903596		1.278638	
GSE311294	GSM9322958_TR11_16184	M0_expr_kmeans	log1p_hvg	K4	4	3	20	2.234652		4.064445	
GSE311294	GSM9322958_TR11_16184	M0_expr_kmeans	log1p_hvg	K6	6	0	20	0.934617		1.365821	
GSE311294	GSM9322958_TR11_16184	M0_expr_kmeans	log1p_hvg	K6	6	1	20	1.085366		1.830692	
GSE311294	GSM9322958_TR11_16184	M0_expr_kmeans	log1p_hvg	K6	6	2	20	2.238994		4.041202	
GSE311294	GSM9322958_TR11_16184	M0_expr_kmeans	log1p_hvg	K6	6	3	20	1.014769		1.316343	
GSE311294	GSM9322958_TR11_16184	M0_expr_kmeans	log1p_hvg	K6	6	4	20	0.361601		0.697213	
GSE311294	GSM9322958_TR11_16184	M0_expr_kmeans	log1p_hvg	K6	6	5	20	0.797208		1.03228	
GSE311294	GSM9322958_TR11_16184	M1_spatial_concat_kmeans	log1p_hvg	K4	4	0	20	1.110406		1.501292	
GSE311294	GSM9322958_TR11_16184	M1_spatial_concat_kmeans	log1p_hvg	K4	4	1	20	2.235952		4.071365	
GSE311294	GSM9322958_TR11_16184	M1_spatial_concat_kmeans	log1p_hvg	K4	4	2	20	0.907626		1.272959	
GSE311294	GSM9322958_TR11_16184	M1_spatial_concat_kmeans	log1p_hvg	K4	4	3	20	0.437999		0.712545	
GSE311294	GSM9322958_TR11_16184	M1_spatial_concat_kmeans	log1p_hvg	K6	6	0	20	0.797208		1.03228	
GSE311294	GSM9322958_TR11_16184	M1_spatial_concat_kmeans	log1p_hvg	K6	6	1	20	2.238994		4.041202	
GSE311294	GSM9322958_TR11_16184	M1_spatial_concat_kmeans	log1p_hvg	K6	6	2	20	0.361601		0.697213	
GSE311294	GSM9322958_TR11_16184	M1_spatial_concat_kmeans	log1p_hvg	K6	6	3	20	0.934298		1.365021	
GSE311294	GSM9322958_TR11_16184	M1_spatial_concat_kmeans	log1p_hvg	K6	6	4	20	1.085366		1.830692	
GSE311294	GSM9322958_TR11_16184	M1_spatial_concat_kmeans	log1p_hvg	K6	6	5	20	1.014475		1.3157	
GSE311294	GSM9322958_TR11_16184	M3_spatial_leiden	log1p_hvg	K4	4	0	20	0.591145		0.875263	
GSE311294	GSM9322958_TR11_16184	M3_spatial_leiden	log1p_hvg	K4	4	1	20	0.554101		0.781904	
GSE311294	GSM9322958_TR11_16184	M3_spatial_leiden	log1p_hvg	K4	4	2	20	1.967723		3.983179	
GSE311294	GSM9322958_TR11_16184	M3_spatial_leiden	log1p_hvg	K4	4	3	20	0.426837		0.529304	
GSE311294	GSM9322958_TR11_16184	M3_spatial_leiden	log1p_hvg	K6	6	0	20	0.681694		1.018348	
GSE311294	GSM9322958_TR11_16184	M3_spatial_leiden	log1p_hvg	K6	6	1	20	0.80989		1.10939	
GSE311294	GSM9322958_TR11_16184	M3_spatial_leiden	log1p_hvg	K6	6	2	20	1.869111		4.02555	
GSE311294	GSM9322958_TR11_16184	M3_spatial_leiden	log1p_hvg	K6	6	3	20	0.587732		0.90891	
GSE311294	GSM9322958_TR11_16184	M3_spatial_leiden	log1p_hvg	K6	6	4	20	0.595974		1.067188	
GSE311294	GSM9322958_TR11_16184	M3_spatial_leiden	log1p_hvg	K6	6	5	20	1.152375		1.564693	
GSE311294	GSM9322959_TR11_18105	M0_expr_kmeans	log1p_hvg	K4	4	0	20	1.46799		2.092671	
GSE311294	GSM9322959_TR11_18105	M0_expr_kmeans	log1p_hvg	K4	4	1	20	0.065241		0.165989	
GSE311294	GSM9322959_TR11_18105	M0_expr_kmeans	log1p_hvg	K4	4	2	20	0.83148		2.470889	
GSE311294	GSM9322959_TR11_18105	M0_expr_kmeans	log1p_hvg	K4	4	3	20	1.15341		1.319684	
GSE311294	GSM9322959_TR11_18105	M0_expr_kmeans	log1p_hvg	K6	6	0	20	-0.128129		0.010044	
GSE311294	GSM9322959_TR11_18105	M0_expr_kmeans	log1p_hvg	K6	6	1	20	1.152467		1.328308	
GSE311294	GSM9322959_TR11_18105	M0_expr_kmeans	log1p_hvg	K6	6	2	20	1.260839		2.638037	
GSE311294	GSM9322959_TR11_18105	M0_expr_kmeans	log1p_hvg	K6	6	3	20	0.4481		1.46459	
GSE311294	GSM9322959_TR11_18105	M0_expr_kmeans	log1p_hvg	K6	6	4	20	1.475845		2.091003	
GSE311294	GSM9322959_TR11_18105	M0_expr_kmeans	log1p_hvg	K6	6	5	20	0.412201		0.636068	
GSE311294	GSM9322959_TR11_18105	M1_spatial_concat_kmeans	log1p_hvg	K4	4	0	20	0.834764		2.476168	
GSE311294	GSM9322959_TR11_18105	M1_spatial_concat_kmeans	log1p_hvg	K4	4	1	20	0.065241		0.165989	
GSE311294	GSM9322959_TR11_18105	M1_spatial_concat_kmeans	log1p_hvg	K4	4	2	20	1.152946		1.318775	
GSE311294	GSM9322959_TR11_18105	M1_spatial_concat_kmeans	log1p_hvg	K4	4	3	20	1.468824		2.089659	
GSE311294	GSM9322959_TR11_18105	M1_spatial_concat_kmeans	log1p_hvg	K6	6	0	20	-0.128129		0.010044	
GSE311294	GSM9322959_TR11_18105	M1_spatial_concat_kmeans	log1p_hvg	K6	6	1	20	1.14874		1.324753	
GSE311294	GSM9322959_TR11_18105	M1_spatial_concat_kmeans	log1p_hvg	K6	6	2	20	0.486057		1.640221	
GSE311294	GSM9322959_TR11_18105	M1_spatial_concat_kmeans	log1p_hvg	K6	6	3	20	1.475845		2.091003	
GSE311294	GSM9322959_TR11_18105	M1_spatial_concat_kmeans	log1p_hvg	K6	6	4	20	1.253165		2.564924	
GSE311294	GSM9322959_TR11_18105	M1_spatial_concat_kmeans	log1p_hvg	K6	6	5	20	0.406277		0.634525	
GSE311294	GSM9322959_TR11_18105	M3_spatial_leiden	log1p_hvg	K4	4	0	20	0.677679		0.858103	
GSE311294	GSM9322959_TR11_18105	M3_spatial_leiden	log1p_hvg	K4	4	1	20	0.747048		1.817726	
GSE311294	GSM9322959_TR11_18105	M3_spatial_leiden	log1p_hvg	K4	4	2	20	0.573754		2.151203	
GSE311294	GSM9322959_TR11_18105	M3_spatial_leiden	log1p_hvg	K4	4	3	20	0.290343		0.475227	
GSE311294	GSM9322959_TR11_18105	M3_spatial_leiden	log1p_hvg	K6	6	0	20	0.550805		0.777235	
GSE311294	GSM9322959_TR11_18105	M3_spatial_leiden	log1p_hvg	K6	6	1	20	0.373001		1.610417	
GSE311294	GSM9322959_TR11_18105	M3_spatial_leiden	log1p_hvg	K6	6	2	20	1.077779		2.785056	
GSE311294	GSM9322959_TR11_18105	M3_spatial_leiden	log1p_hvg	K6	6	3	20	0.273237		0.451293	
GSE311294	GSM9322959_TR11_18105	M3_spatial_leiden	log1p_hvg	K6	6	4	20	0.279531		0.592444	
GSE311294	GSM9322959_TR11_18105	M3_spatial_leiden	log1p_hvg	K6	6	5	20	0.664313		1.503253	
GSE311294	GSM9322960_TR11_21723	M0_expr_kmeans	log1p_hvg	K4	4	0	20	0.234518		0.633451	
GSE311294	GSM9322960_TR11_21723	M0_expr_kmeans	log1p_hvg	K4	4	1	20	1.953491		2.558009	
GSE311294	GSM9322960_TR11_21723	M0_expr_kmeans	log1p_hvg	K4	4	2	20	2.489627		4.370464	
GSE311294	GSM9322960_TR11_21723	M0_expr_kmeans	log1p_hvg	K4	4	3	20	1.045912		1.719409	
GSE311294	GSM9322960_TR11_21723	M0_expr_kmeans	log1p_hvg	K6	6	0	20	0.860896		1.537641	
GSE311294	GSM9322960_TR11_21723	M0_expr_kmeans	log1p_hvg	K6	6	1	20	1.316451		1.729272	
GSE311294	GSM9322960_TR11_21723	M0_expr_kmeans	log1p_hvg	K6	6	2	20	2.514943		4.237766	
GSE311294	GSM9322960_TR11_21723	M0_expr_kmeans	log1p_hvg	K6	6	3	20	0.289835		1.155597	
GSE311294	GSM9322960_TR11_21723	M0_expr_kmeans	log1p_hvg	K6	6	4	20	0.945485		1.614764	
GSE311294	GSM9322960_TR11_21723	M0_expr_kmeans	log1p_hvg	K6	6	5	20	1.778991		2.39959	
GSE311294	GSM9322960_TR11_21723	M1_spatial_concat_kmeans	log1p_hvg	K4	4	0	20	1.04451		1.716896	
GSE311294	GSM9322960_TR11_21723	M1_spatial_concat_kmeans	log1p_hvg	K4	4	1	20	2.489951		4.372229	
GSE311294	GSM9322960_TR11_21723	M1_spatial_concat_kmeans	log1p_hvg	K4	4	2	20	1.954012		2.558949	
GSE311294	GSM9322960_TR11_21723	M1_spatial_concat_kmeans	log1p_hvg	K4	4	3	20	0.235028		0.634721	
GSE311294	GSM9322960_TR11_21723	M1_spatial_concat_kmeans	log1p_hvg	K6	6	0	20	0.864039		1.533195	
GSE311294	GSM9322960_TR11_21723	M1_spatial_concat_kmeans	log1p_hvg	K6	6	1	20	1.778991		2.39959	
GSE311294	GSM9322960_TR11_21723	M1_spatial_concat_kmeans	log1p_hvg	K6	6	2	20	2.514432		4.237945	
GSE311294	GSM9322960_TR11_21723	M1_spatial_concat_kmeans	log1p_hvg	K6	6	3	20	0.949508		1.628647	
GSE311294	GSM9322960_TR11_21723	M1_spatial_concat_kmeans	log1p_hvg	K6	6	4	20	0.291298		1.159124	
GSE311294	GSM9322960_TR11_21723	M1_spatial_concat_kmeans	log1p_hvg	K6	6	5	20	1.316995		1.72948	
GSE311294	GSM9322960_TR11_21723	M3_spatial_leiden	log1p_hvg	K4	4	0	20	1.827403		3.358454	
GSE311294	GSM9322960_TR11_21723	M3_spatial_leiden	log1p_hvg	K4	4	1	20	0.67016		1.043955	
GSE311294	GSM9322960_TR11_21723	M3_spatial_leiden	log1p_hvg	K4	4	2	20	0.441677		0.660357	
GSE311294	GSM9322960_TR11_21723	M3_spatial_leiden	log1p_hvg	K4	4	3	20	1.261265		1.520442	
GSE311294	GSM9322960_TR11_21723	M3_spatial_leiden	log1p_hvg	K6	6	0	20	1.260091		1.590654	
GSE311294	GSM9322960_TR11_21723	M3_spatial_leiden	log1p_hvg	K6	6	1	20	0.793797		1.487004	
GSE311294	GSM9322960_TR11_21723	M3_spatial_leiden	log1p_hvg	K6	6	2	20	0.475877		0.708334	
GSE311294	GSM9322960_TR11_21723	M3_spatial_leiden	log1p_hvg	K6	6	3	20	2.281397		3.955786	
GSE311294	GSM9322960_TR11_21723	M3_spatial_leiden	log1p_hvg	K6	6	4	20	1.069483		1.441885	
GSE311294	GSM9322960_TR11_21723	M3_spatial_leiden	log1p_hvg	K6	6	5	20	0.513397		2.090227	
GSE311294	GSM9322961_TR16_23542	M0_expr_kmeans	log1p_hvg	K4	4	0	20	0.340232		1.440053	
GSE311294	GSM9322961_TR16_23542	M0_expr_kmeans	log1p_hvg	K4	4	1	20	0.363034		0.767052	
GSE311294	GSM9322961_TR16_23542	M0_expr_kmeans	log1p_hvg	K4	4	2	20	2.381198		3.551613	
GSE311294	GSM9322961_TR16_23542	M0_expr_kmeans	log1p_hvg	K4	4	3	20	1.311151		1.935968	
GSE311294	GSM9322961_TR16_23542	M0_expr_kmeans	log1p_hvg	K6	6	0	20	0.440882		0.856375	
GSE311294	GSM9322961_TR16_23542	M0_expr_kmeans	log1p_hvg	K6	6	1	20	2.417805		3.543253	
GSE311294	GSM9322961_TR16_23542	M0_expr_kmeans	log1p_hvg	K6	6	2	20	0.042361		0.587076	
GSE311294	GSM9322961_TR16_23542	M0_expr_kmeans	log1p_hvg	K6	6	3	20	1.375983		1.952519	
GSE311294	GSM9322961_TR16_23542	M0_expr_kmeans	log1p_hvg	K6	6	4	20	1.069599		2.347025	
GSE311294	GSM9322961_TR16_23542	M0_expr_kmeans	log1p_hvg	K6	6	5	20	0.720699		1.986348	
GSE311294	GSM9322961_TR16_23542	M1_spatial_concat_kmeans	log1p_hvg	K4	4	0	20	2.381719		3.551481	
GSE311294	GSM9322961_TR16_23542	M1_spatial_concat_kmeans	log1p_hvg	K4	4	1	20	0.362558		0.765016	
GSE311294	GSM9322961_TR16_23542	M1_spatial_concat_kmeans	log1p_hvg	K4	4	2	20	1.310166		1.94028	
GSE311294	GSM9322961_TR16_23542	M1_spatial_concat_kmeans	log1p_hvg	K4	4	3	20	0.341151		1.441176	
GSE311294	GSM9322961_TR16_23542	M1_spatial_concat_kmeans	log1p_hvg	K6	6	0	20	0.442479		0.865899	
GSE311294	GSM9322961_TR16_23542	M1_spatial_concat_kmeans	log1p_hvg	K6	6	1	20	2.418028		3.542887	
GSE311294	GSM9322961_TR16_23542	M1_spatial_concat_kmeans	log1p_hvg	K6	6	2	20	0.04254		0.588116	
GSE311294	GSM9322961_TR16_23542	M1_spatial_concat_kmeans	log1p_hvg	K6	6	3	20	1.375536		1.954813	
GSE311294	GSM9322961_TR16_23542	M1_spatial_concat_kmeans	log1p_hvg	K6	6	4	20	1.071048		2.348615	
GSE311294	GSM9322961_TR16_23542	M1_spatial_concat_kmeans	log1p_hvg	K6	6	5	20	0.714559		1.97605	
GSE311294	GSM9322961_TR16_23542	M3_spatial_leiden	log1p_hvg	K4	4	0	20	1.417242		2.803607	
GSE311294	GSM9322961_TR16_23542	M3_spatial_leiden	log1p_hvg	K4	4	1	20	0.749176		1.358915	
GSE311294	GSM9322961_TR16_23542	M3_spatial_leiden	log1p_hvg	K4	4	2	20	0.262723		0.54257	
GSE311294	GSM9322961_TR16_23542	M3_spatial_leiden	log1p_hvg	K4	4	3	20	1.894122		2.923532	
GSE311294	GSM9322961_TR16_23542	M3_spatial_leiden	log1p_hvg	K6	6	0	20	0.282926		0.576823	
GSE311294	GSM9322961_TR16_23542	M3_spatial_leiden	log1p_hvg	K6	6	1	20	0.645293		1.296719	
GSE311294	GSM9322961_TR16_23542	M3_spatial_leiden	log1p_hvg	K6	6	2	20	0.628686		1.592655	
GSE311294	GSM9322961_TR16_23542	M3_spatial_leiden	log1p_hvg	K6	6	3	20	1.741428		2.88851	
GSE311294	GSM9322961_TR16_23542	M3_spatial_leiden	log1p_hvg	K6	6	4	20	0.52663		0.896837	
GSE311294	GSM9322961_TR16_23542	M3_spatial_leiden	log1p_hvg	K6	6	5	20	1.889614		2.918413	
GSE267401	GSM8265211_CTC21P	M0_expr_kmeans	log1p_hvg	K4	4	0	20	2.350187		4.241045	
GSE267401	GSM8265211_CTC21P	M0_expr_kmeans	log1p_hvg	K4	4	1	20	1.7852		2.147654	
GSE267401	GSM8265211_CTC21P	M0_expr_kmeans	log1p_hvg	K4	4	2	20	1.234058		2.856443	
GSE267401	GSM8265211_CTC21P	M0_expr_kmeans	log1p_hvg	K4	4	3	20	0.78289		2.170382	
GSE267401	GSM8265211_CTC21P	M0_expr_kmeans	log1p_hvg	K6	6	0	20	0.854384		1.207817	
GSE267401	GSM8265211_CTC21P	M0_expr_kmeans	log1p_hvg	K6	6	1	20	1.905182		3.795559	
GSE267401	GSM8265211_CTC21P	M0_expr_kmeans	log1p_hvg	K6	6	2	20	2.28257		3.935608	
GSE267401	GSM8265211_CTC21P	M0_expr_kmeans	log1p_hvg	K6	6	3	20	1.516335		1.778478	
GSE267401	GSM8265211_CTC21P	M0_expr_kmeans	log1p_hvg	K6	6	4	20	0.679831		2.548841	
GSE267401	GSM8265211_CTC21P	M0_expr_kmeans	log1p_hvg	K6	6	5	20	0.826639		2.359925	
GSE267401	GSM8265211_CTC21P	M1_spatial_concat_kmeans	log1p_hvg	K4	4	0	20	2.350187		4.241045	
GSE267401	GSM8265211_CTC21P	M1_spatial_concat_kmeans	log1p_hvg	K4	4	1	20	0.78289		2.170382	
GSE267401	GSM8265211_CTC21P	M1_spatial_concat_kmeans	log1p_hvg	K4	4	2	20	1.234058		2.856443	
GSE267401	GSM8265211_CTC21P	M1_spatial_concat_kmeans	log1p_hvg	K4	4	3	20	1.7852		2.147654	
GSE267401	GSM8265211_CTC21P	M1_spatial_concat_kmeans	log1p_hvg	K6	6	0	20	0.854516		1.209338	
GSE267401	GSM8265211_CTC21P	M1_spatial_concat_kmeans	log1p_hvg	K6	6	1	20	1.905182		3.795559	
GSE267401	GSM8265211_CTC21P	M1_spatial_concat_kmeans	log1p_hvg	K6	6	2	20	2.28257		3.935608	
GSE267401	GSM8265211_CTC21P	M1_spatial_concat_kmeans	log1p_hvg	K6	6	3	20	1.516855		1.777769	
GSE267401	GSM8265211_CTC21P	M1_spatial_concat_kmeans	log1p_hvg	K6	6	4	20	0.679831		2.548841	
GSE267401	GSM8265211_CTC21P	M1_spatial_concat_kmeans	log1p_hvg	K6	6	5	20	0.826639		2.359925	
GSE267401	GSM8265211_CTC21P	M3_spatial_leiden	log1p_hvg	K4	4	0	20	1.259858		1.508811	
GSE267401	GSM8265211_CTC21P	M3_spatial_leiden	log1p_hvg	K4	4	1	20	1.353664		2.879056	
GSE267401	GSM8265211_CTC21P	M3_spatial_leiden	log1p_hvg	K4	4	2	20	0.701056		1.665505	
GSE267401	GSM8265211_CTC21P	M3_spatial_leiden	log1p_hvg	K4	4	3	20	0.725154		1.09534	
GSE267401	GSM8265211_CTC21P	M3_spatial_leiden	log1p_hvg	K6	6	0	20	1.086612		1.366455	
GSE267401	GSM8265211_CTC21P	M3_spatial_leiden	log1p_hvg	K6	6	1	20	1.321105		2.978597	
GSE267401	GSM8265211_CTC21P	M3_spatial_leiden	log1p_hvg	K6	6	2	20	0.843473		1.224236	
GSE267401	GSM8265211_CTC21P	M3_spatial_leiden	log1p_hvg	K6	6	3	20	1.003971		1.256959	
GSE267401	GSM8265211_CTC21P	M3_spatial_leiden	log1p_hvg	K6	6	4	20	1.384342		2.166574	
GSE267401	GSM8265211_CTC21P	M3_spatial_leiden	log1p_hvg	K6	6	5	20	1.999576		4.231375	
GSE267401	GSM8265212_CTC21M	M0_expr_kmeans	log1p_hvg	K4	4	0	20	1.169853		1.423744	
GSE267401	GSM8265212_CTC21M	M0_expr_kmeans	log1p_hvg	K4	4	1	20	-0.260067		-0.058047	
GSE267401	GSM8265212_CTC21M	M0_expr_kmeans	log1p_hvg	K4	4	2	20	1.620631		2.355652	
GSE267401	GSM8265212_CTC21M	M0_expr_kmeans	log1p_hvg	K4	4	3	20	0.806617		0.953292	
GSE267401	GSM8265212_CTC21M	M0_expr_kmeans	log1p_hvg	K6	6	0	20	-0.259843		-0.057848	
GSE267401	GSM8265212_CTC21M	M0_expr_kmeans	log1p_hvg	K6	6	1	20	1.111987		1.542642	
GSE267401	GSM8265212_CTC21M	M0_expr_kmeans	log1p_hvg	K6	6	2	20	1.635365		2.386626	
GSE267401	GSM8265212_CTC21M	M0_expr_kmeans	log1p_hvg	K6	6	3	20	0.988385		1.25258	
GSE267401	GSM8265212_CTC21M	M0_expr_kmeans	log1p_hvg	K6	6	4	20	1.168714		1.457546	
GSE267401	GSM8265212_CTC21M	M0_expr_kmeans	log1p_hvg	K6	6	5	20	1.086907		1.556631	
GSE267401	GSM8265212_CTC21M	M1_spatial_concat_kmeans	log1p_hvg	K4	4	0	20	1.621183		2.357261	
GSE267401	GSM8265212_CTC21M	M1_spatial_concat_kmeans	log1p_hvg	K4	4	1	20	-0.260067		-0.058047	
GSE267401	GSM8265212_CTC21M	M1_spatial_concat_kmeans	log1p_hvg	K4	4	2	20	1.1691		1.422837	
GSE267401	GSM8265212_CTC21M	M1_spatial_concat_kmeans	log1p_hvg	K4	4	3	20	0.805519		0.952665	
GSE267401	GSM8265212_CTC21M	M1_spatial_concat_kmeans	log1p_hvg	K6	6	0	20	1.0869		1.553128	
GSE267401	GSM8265212_CTC21M	M1_spatial_concat_kmeans	log1p_hvg	K6	6	1	20	-0.259843		-0.057848	
GSE267401	GSM8265212_CTC21M	M1_spatial_concat_kmeans	log1p_hvg	K6	6	2	20	1.168645		1.458	
GSE267401	GSM8265212_CTC21M	M1_spatial_concat_kmeans	log1p_hvg	K6	6	3	20	1.635365		2.386626	
GSE267401	GSM8265212_CTC21M	M1_spatial_concat_kmeans	log1p_hvg	K6	6	4	20	0.988183		1.253887	
GSE267401	GSM8265212_CTC21M	M1_spatial_concat_kmeans	log1p_hvg	K6	6	5	20	1.111987		1.542642	
GSE267401	GSM8265212_CTC21M	M3_spatial_leiden	log1p_hvg	K4	4	0	20	1.150668		1.333982	
GSE267401	GSM8265212_CTC21M	M3_spatial_leiden	log1p_hvg	K4	4	1	20	0.057946		0.342724	
GSE267401	GSM8265212_CTC21M	M3_spatial_leiden	log1p_hvg	K4	4	2	20	-0.065692		0.22716	
GSE267401	GSM8265212_CTC21M	M3_spatial_leiden	log1p_hvg	K4	4	3	20	1.172981		2.332856	
GSE267401	GSM8265212_CTC21M	M3_spatial_leiden	log1p_hvg	K6	6	0	20	1.007776		1.246584	
GSE267401	GSM8265212_CTC21M	M3_spatial_leiden	log1p_hvg	K6	6	1	20	0.545549		0.812797	
GSE267401	GSM8265212_CTC21M	M3_spatial_leiden	log1p_hvg	K6	6	2	20	0.854576		1.244474	
GSE267401	GSM8265212_CTC21M	M3_spatial_leiden	log1p_hvg	K6	6	3	20	-0.158854		0.045569	
GSE267401	GSM8265212_CTC21M	M3_spatial_leiden	log1p_hvg	K6	6	4	20	-0.065692		0.22716	
GSE267401	GSM8265212_CTC21M	M3_spatial_leiden	log1p_hvg	K6	6	5	20	1.172981		2.332856	
GSE267401	GSM8265213_CTC17P	M0_expr_kmeans	log1p_hvg	K4	4	0	20	0.594766		0.814185	
GSE267401	GSM8265213_CTC17P	M0_expr_kmeans	log1p_hvg	K4	4	1	20	1.34351		2.172701	
GSE267401	GSM8265213_CTC17P	M0_expr_kmeans	log1p_hvg	K4	4	2	20	0.296498		1.352028	
GSE267401	GSM8265213_CTC17P	M0_expr_kmeans	log1p_hvg	K4	4	3	20	0.652751		0.945043	
GSE267401	GSM8265213_CTC17P	M0_expr_kmeans	log1p_hvg	K6	6	0	20	0.623234		0.801984	
GSE267401	GSM8265213_CTC17P	M0_expr_kmeans	log1p_hvg	K6	6	1	20	0.831659		1.484032	
GSE267401	GSM8265213_CTC17P	M0_expr_kmeans	log1p_hvg	K6	6	2	20	0.646072		0.79761	
GSE267401	GSM8265213_CTC17P	M0_expr_kmeans	log1p_hvg	K6	6	3	20	-0.132721		0.085957	
GSE267401	GSM8265213_CTC17P	M0_expr_kmeans	log1p_hvg	K6	6	4	20	1.763184		2.713803	
GSE267401	GSM8265213_CTC17P	M0_expr_kmeans	log1p_hvg	K6	6	5	20	0.765838		1.261478	
GSE267401	GSM8265213_CTC17P	M1_spatial_concat_kmeans	log1p_hvg	K4	4	0	20	0.592594		0.800699	
GSE267401	GSM8265213_CTC17P	M1_spatial_concat_kmeans	log1p_hvg	K4	4	1	20	1.350359		2.182797	
GSE267401	GSM8265213_CTC17P	M1_spatial_concat_kmeans	log1p_hvg	K4	4	2	20	0.296498		1.352028	
GSE267401	GSM8265213_CTC17P	M1_spatial_concat_kmeans	log1p_hvg	K4	4	3	20	0.65484		0.949878	
GSE267401	GSM8265213_CTC17P	M1_spatial_concat_kmeans	log1p_hvg	K6	6	0	20	0.623772		0.801185	
GSE267401	GSM8265213_CTC17P	M1_spatial_concat_kmeans	log1p_hvg	K6	6	1	20	0.831659		1.484032	
GSE267401	GSM8265213_CTC17P	M1_spatial_concat_kmeans	log1p_hvg	K6	6	2	20	0.64484		0.796828	
GSE267401	GSM8265213_CTC17P	M1_spatial_concat_kmeans	log1p_hvg	K6	6	3	20	-0.139034		0.064592	
GSE267401	GSM8265213_CTC17P	M1_spatial_concat_kmeans	log1p_hvg	K6	6	4	20	1.758884		2.711108	
GSE267401	GSM8265213_CTC17P	M1_spatial_concat_kmeans	log1p_hvg	K6	6	5	20	0.766448		1.265028	
GSE267401	GSM8265213_CTC17P	M3_spatial_leiden	log1p_hvg	K4	4	0	20	0.498559		0.625034	
GSE267401	GSM8265213_CTC17P	M3_spatial_leiden	log1p_hvg	K4	4	1	20	0.567426		0.792031	
GSE267401	GSM8265213_CTC17P	M3_spatial_leiden	log1p_hvg	K4	4	2	20	0.186602		0.263626	
GSE267401	GSM8265213_CTC17P	M3_spatial_leiden	log1p_hvg	K4	4	3	20	0.427164		0.741131	
GSE267401	GSM8265213_CTC17P	M3_spatial_leiden	log1p_hvg	K6	6	0	20	0.567426		0.792031	
GSE267401	GSM8265213_CTC17P	M3_spatial_leiden	log1p_hvg	K6	6	1	20	0.446192		0.613312	
GSE267401	GSM8265213_CTC17P	M3_spatial_leiden	log1p_hvg	K6	6	2	20	0.821425		1.441463	
GSE267401	GSM8265213_CTC17P	M3_spatial_leiden	log1p_hvg	K6	6	3	20	0.514315		0.743951	
GSE267401	GSM8265213_CTC17P	M3_spatial_leiden	log1p_hvg	K6	6	4	20	0.186602		0.263626	
GSE267401	GSM8265213_CTC17P	M3_spatial_leiden	log1p_hvg	K6	6	5	20	0.427164		0.741131	
GSE267401	GSM8265214_CTC17M	M0_expr_kmeans	log1p_hvg	K4	4	0	20	-0.032618		0.58929	
GSE267401	GSM8265214_CTC17M	M0_expr_kmeans	log1p_hvg	K4	4	1	20	0.406215		0.438865	
GSE267401	GSM8265214_CTC17M	M0_expr_kmeans	log1p_hvg	K4	4	2	20	0.116784		0.338917	
GSE267401	GSM8265214_CTC17M	M0_expr_kmeans	log1p_hvg	K4	4	3	20	0.222274		0.287863	
GSE267401	GSM8265214_CTC17M	M0_expr_kmeans	log1p_hvg	K6	6	0	20	0.04402		0.359612	
GSE267401	GSM8265214_CTC17M	M0_expr_kmeans	log1p_hvg	K6	6	1	20	0.442608		0.786829	
GSE267401	GSM8265214_CTC17M	M0_expr_kmeans	log1p_hvg	K6	6	2	20	0.216437		0.458768	
GSE267401	GSM8265214_CTC17M	M0_expr_kmeans	log1p_hvg	K6	6	3	20	-0.057379		0.591164	
GSE267401	GSM8265214_CTC17M	M0_expr_kmeans	log1p_hvg	K6	6	4	20	0.38783		0.464798	
GSE267401	GSM8265214_CTC17M	M0_expr_kmeans	log1p_hvg	K6	6	5	20	0.407233		0.675842	
GSE267401	GSM8265214_CTC17M	M1_spatial_concat_kmeans	log1p_hvg	K4	4	0	20	0.221898		0.28832	
GSE267401	GSM8265214_CTC17M	M1_spatial_concat_kmeans	log1p_hvg	K4	4	1	20	0.405618		0.436957	
GSE267401	GSM8265214_CTC17M	M1_spatial_concat_kmeans	log1p_hvg	K4	4	2	20	-0.032548		0.585234	
GSE267401	GSM8265214_CTC17M	M1_spatial_concat_kmeans	log1p_hvg	K4	4	3	20	0.116349		0.338344	
GSE267401	GSM8265214_CTC17M	M1_spatial_concat_kmeans	log1p_hvg	K6	6	0	20	0.221347		0.470664	
GSE267401	GSM8265214_CTC17M	M1_spatial_concat_kmeans	log1p_hvg	K6	6	1	20	0.388434		0.469882	
GSE267401	GSM8265214_CTC17M	M1_spatial_concat_kmeans	log1p_hvg	K6	6	2	20	-0.057379		0.591164	
GSE267401	GSM8265214_CTC17M	M1_spatial_concat_kmeans	log1p_hvg	K6	6	3	20	0.442499		0.788811	
GSE267401	GSM8265214_CTC17M	M1_spatial_concat_kmeans	log1p_hvg	K6	6	4	20	0.40349		0.662838	
GSE267401	GSM8265214_CTC17M	M1_spatial_concat_kmeans	log1p_hvg	K6	6	5	20	0.044702		0.360766	
GSE267401	GSM8265214_CTC17M	M3_spatial_leiden	log1p_hvg	K4	4	0	20	0.172991		0.258133	
GSE267401	GSM8265214_CTC17M	M3_spatial_leiden	log1p_hvg	K4	4	1	20	0.242158		0.416854	
GSE267401	GSM8265214_CTC17M	M3_spatial_leiden	log1p_hvg	K4	4	2	20	0.205936		0.336317	
GSE267401	GSM8265214_CTC17M	M3_spatial_leiden	log1p_hvg	K4	4	3	20	0.3017		0.404061	
GSE267401	GSM8265214_CTC17M	M3_spatial_leiden	log1p_hvg	K6	6	0	20	0.326025		0.640848	
GSE267401	GSM8265214_CTC17M	M3_spatial_leiden	log1p_hvg	K6	6	1	20	0.206227		0.337726	
GSE267401	GSM8265214_CTC17M	M3_spatial_leiden	log1p_hvg	K6	6	2	20	0.241064		0.420004	
GSE267401	GSM8265214_CTC17M	M3_spatial_leiden	log1p_hvg	K6	6	3	20	0.209898		0.268954	
GSE267401	GSM8265214_CTC17M	M3_spatial_leiden	log1p_hvg	K6	6	4	20	0.063437		0.214748	
GSE267401	GSM8265214_CTC17M	M3_spatial_leiden	log1p_hvg	K6	6	5	20	0.299127		0.399968	
GSE280318	GSM8703563_Tumor19	M0_expr_kmeans	log1p_hvg	K4	4	0	20	0.03824		0.178217	
GSE280318	GSM8703563_Tumor19	M0_expr_kmeans	log1p_hvg	K4	4	1	20	0.246484		0.459848	
GSE280318	GSM8703563_Tumor19	M0_expr_kmeans	log1p_hvg	K4	4	2	20	0.515702		0.548202	
GSE280318	GSM8703563_Tumor19	M0_expr_kmeans	log1p_hvg	K4	4	3	20	0.283251		0.32108	
GSE280318	GSM8703563_Tumor19	M0_expr_kmeans	log1p_hvg	K6	6	0	20	0.318394		0.364038	
GSE280318	GSM8703563_Tumor19	M0_expr_kmeans	log1p_hvg	K6	6	1	20	0.630565		0.740922	
GSE280318	GSM8703563_Tumor19	M0_expr_kmeans	log1p_hvg	K6	6	2	20	0.333613		0.372015	
GSE280318	GSM8703563_Tumor19	M0_expr_kmeans	log1p_hvg	K6	6	3	20	0.230935		0.430996	
GSE280318	GSM8703563_Tumor19	M0_expr_kmeans	log1p_hvg	K6	6	4	20	0.078826		0.380481	
GSE280318	GSM8703563_Tumor19	M0_expr_kmeans	log1p_hvg	K6	6	5	20	0.011923		0.076438	
GSE280318	GSM8703563_Tumor19	M1_spatial_concat_kmeans	log1p_hvg	K4	4	0	20	0.516382		0.545925	
GSE280318	GSM8703563_Tumor19	M1_spatial_concat_kmeans	log1p_hvg	K4	4	1	20	0.257995		0.482323	
GSE280318	GSM8703563_Tumor19	M1_spatial_concat_kmeans	log1p_hvg	K4	4	2	20	0.041867		0.182351	
GSE280318	GSM8703563_Tumor19	M1_spatial_concat_kmeans	log1p_hvg	K4	4	3	20	0.279865		0.324826	
GSE280318	GSM8703563_Tumor19	M1_spatial_concat_kmeans	log1p_hvg	K6	6	0	20	0.236106		0.442428	
GSE280318	GSM8703563_Tumor19	M1_spatial_concat_kmeans	log1p_hvg	K6	6	1	20	0.317357		0.365712	
GSE280318	GSM8703563_Tumor19	M1_spatial_concat_kmeans	log1p_hvg	K6	6	2	20	0.012583		0.071913	
GSE280318	GSM8703563_Tumor19	M1_spatial_concat_kmeans	log1p_hvg	K6	6	3	20	0.079132		0.382096	
GSE280318	GSM8703563_Tumor19	M1_spatial_concat_kmeans	log1p_hvg	K6	6	4	20	0.342873		0.383941	
GSE280318	GSM8703563_Tumor19	M1_spatial_concat_kmeans	log1p_hvg	K6	6	5	20	0.65127		0.777465	
GSE280318	GSM8703563_Tumor19	M3_spatial_leiden	log1p_hvg	K4	4	0	20	0.2847		0.340218	
GSE280318	GSM8703563_Tumor19	M3_spatial_leiden	log1p_hvg	K4	4	1	20	0.233284		0.547361	
GSE280318	GSM8703563_Tumor19	M3_spatial_leiden	log1p_hvg	K4	4	2	20	0.163918		0.281103	
GSE280318	GSM8703563_Tumor19	M3_spatial_leiden	log1p_hvg	K4	4	3	20	0.169219		0.346167	
GSE280318	GSM8703563_Tumor19	M3_spatial_leiden	log1p_hvg	K6	6	0	20	0.357404		0.427446	
GSE280318	GSM8703563_Tumor19	M3_spatial_leiden	log1p_hvg	K6	6	1	20	0.177085		0.489027	
GSE280318	GSM8703563_Tumor19	M3_spatial_leiden	log1p_hvg	K6	6	2	20	0.16819		0.331377	
GSE280318	GSM8703563_Tumor19	M3_spatial_leiden	log1p_hvg	K6	6	3	20	0.299176		0.614762	
GSE280318	GSM8703563_Tumor19	M3_spatial_leiden	log1p_hvg	K6	6	4	20	0.204617		0.55563	
GSE280318	GSM8703563_Tumor19	M3_spatial_leiden	log1p_hvg	K6	6	5	20	0.204151		0.267885	
GSE280318	GSM8703564_Tumor20	M0_expr_kmeans	log1p_hvg	K4	4	0	20	1.995444		3.012564	
GSE280318	GSM8703564_Tumor20	M0_expr_kmeans	log1p_hvg	K4	4	1	20	0.45574		0.64633	
GSE280318	GSM8703564_Tumor20	M0_expr_kmeans	log1p_hvg	K4	4	2	20	0.835686		0.894599	
GSE280318	GSM8703564_Tumor20	M0_expr_kmeans	log1p_hvg	K4	4	3	20	0.487388		1.330177	
GSE280318	GSM8703564_Tumor20	M0_expr_kmeans	log1p_hvg	K6	6	0	20	0.581603		0.700562	
GSE280318	GSM8703564_Tumor20	M0_expr_kmeans	log1p_hvg	K6	6	1	20	0.778739		1.583589	
GSE280318	GSM8703564_Tumor20	M0_expr_kmeans	log1p_hvg	K6	6	2	20	0.188867		0.435019	
GSE280318	GSM8703564_Tumor20	M0_expr_kmeans	log1p_hvg	K6	6	3	20	0.871489		0.925315	
GSE280318	GSM8703564_Tumor20	M0_expr_kmeans	log1p_hvg	K6	6	4	20	2.238028		3.023678	
GSE280318	GSM8703564_Tumor20	M0_expr_kmeans	log1p_hvg	K6	6	5	20	0.86089		1.550002	
GSE280318	GSM8703564_Tumor20	M1_spatial_concat_kmeans	log1p_hvg	K4	4	0	20	1.995444		3.012564	
GSE280318	GSM8703564_Tumor20	M1_spatial_concat_kmeans	log1p_hvg	K4	4	1	20	0.456632		0.641462	
GSE280318	GSM8703564_Tumor20	M1_spatial_concat_kmeans	log1p_hvg	K4	4	2	20	0.835686		0.894599	
GSE280318	GSM8703564_Tumor20	M1_spatial_concat_kmeans	log1p_hvg	K4	4	3	20	0.490484		1.333568	
GSE280318	GSM8703564_Tumor20	M1_spatial_concat_kmeans	log1p_hvg	K6	6	0	20	0.864039		1.554254	
GSE280318	GSM8703564_Tumor20	M1_spatial_concat_kmeans	log1p_hvg	K6	6	1	20	0.871489		0.925315	
GSE280318	GSM8703564_Tumor20	M1_spatial_concat_kmeans	log1p_hvg	K6	6	2	20	0.189834		0.433981	
GSE280318	GSM8703564_Tumor20	M1_spatial_concat_kmeans	log1p_hvg	K6	6	3	20	0.787676		1.58993	
GSE280318	GSM8703564_Tumor20	M1_spatial_concat_kmeans	log1p_hvg	K6	6	4	20	0.581628		0.705036	
GSE280318	GSM8703564_Tumor20	M1_spatial_concat_kmeans	log1p_hvg	K6	6	5	20	2.238028		3.023678	
GSE280318	GSM8703564_Tumor20	M3_spatial_leiden	log1p_hvg	K4	4	0	20	0.527457		0.814352	
GSE280318	GSM8703564_Tumor20	M3_spatial_leiden	log1p_hvg	K4	4	1	20	0.570968		1.024788	
GSE280318	GSM8703564_Tumor20	M3_spatial_leiden	log1p_hvg	K4	4	2	20	0.595849		0.858317	
GSE280318	GSM8703564_Tumor20	M3_spatial_leiden	log1p_hvg	K4	4	3	20	0.401284		1.267804	
GSE280318	GSM8703564_Tumor20	M3_spatial_leiden	log1p_hvg	K6	6	0	20	0.698532		1.556947	
GSE280318	GSM8703564_Tumor20	M3_spatial_leiden	log1p_hvg	K6	6	1	20	0.581212		0.80394	
GSE280318	GSM8703564_Tumor20	M3_spatial_leiden	log1p_hvg	K6	6	2	20	0.476022		0.761937	
GSE280318	GSM8703564_Tumor20	M3_spatial_leiden	log1p_hvg	K6	6	3	20	0.619501		0.810164	
GSE280318	GSM8703564_Tumor20	M3_spatial_leiden	log1p_hvg	K6	6	4	20	0.502343		0.818507	
GSE280318	GSM8703564_Tumor20	M3_spatial_leiden	log1p_hvg	K6	6	5	20	0.684371		0.841824	
GSE280318	GSM8703565_Tumor24	M0_expr_kmeans	log1p_hvg	K4	4	0	20	0.563133		0.66499	
GSE280318	GSM8703565_Tumor24	M0_expr_kmeans	log1p_hvg	K4	4	1	20	0.635983		1.055616	
GSE280318	GSM8703565_Tumor24	M0_expr_kmeans	log1p_hvg	K4	4	2	20	0.527756		1.595922	
GSE280318	GSM8703565_Tumor24	M0_expr_kmeans	log1p_hvg	K4	4	3	20	0.350903		0.971869	
GSE280318	GSM8703565_Tumor24	M0_expr_kmeans	log1p_hvg	K6	6	0	20	0.615113		0.715206	
GSE280318	GSM8703565_Tumor24	M0_expr_kmeans	log1p_hvg	K6	6	1	20	0.671353		1.343312	
GSE280318	GSM8703565_Tumor24	M0_expr_kmeans	log1p_hvg	K6	6	2	20	0.427841		1.213213	
GSE280318	GSM8703565_Tumor24	M0_expr_kmeans	log1p_hvg	K6	6	3	20	0.618186		1.107708	
GSE280318	GSM8703565_Tumor24	M0_expr_kmeans	log1p_hvg	K6	6	4	20	0.325155		0.423131	
GSE280318	GSM8703565_Tumor24	M0_expr_kmeans	log1p_hvg	K6	6	5	20	0.528274		1.636864	
GSE280318	GSM8703565_Tumor24	M1_spatial_concat_kmeans	log1p_hvg	K4	4	0	20	0.633852		1.052722	
GSE280318	GSM8703565_Tumor24	M1_spatial_concat_kmeans	log1p_hvg	K4	4	1	20	0.563905		0.665888	
GSE280318	GSM8703565_Tumor24	M1_spatial_concat_kmeans	log1p_hvg	K4	4	2	20	0.535054		1.62309	
GSE280318	GSM8703565_Tumor24	M1_spatial_concat_kmeans	log1p_hvg	K4	4	3	20	0.350627		0.963213	
GSE280318	GSM8703565_Tumor24	M1_spatial_concat_kmeans	log1p_hvg	K6	6	0	20	0.61815		1.118228	
GSE280318	GSM8703565_Tumor24	M1_spatial_concat_kmeans	log1p_hvg	K6	6	1	20	0.615282		0.717574	
GSE280318	GSM8703565_Tumor24	M1_spatial_concat_kmeans	log1p_hvg	K6	6	2	20	0.32729		0.427674	
GSE280318	GSM8703565_Tumor24	M1_spatial_concat_kmeans	log1p_hvg	K6	6	3	20	0.529717		1.637408	
GSE280318	GSM8703565_Tumor24	M1_spatial_concat_kmeans	log1p_hvg	K6	6	4	20	0.673219		1.337258	
GSE280318	GSM8703565_Tumor24	M1_spatial_concat_kmeans	log1p_hvg	K6	6	5	20	0.437962		1.222255	
GSE280318	GSM8703565_Tumor24	M3_spatial_leiden	log1p_hvg	K4	4	0	20	0.433356		0.845652	
GSE280318	GSM8703565_Tumor24	M3_spatial_leiden	log1p_hvg	K4	4	1	20	0.366151		0.586168	
GSE280318	GSM8703565_Tumor24	M3_spatial_leiden	log1p_hvg	K4	4	2	20	0.303104		0.512049	
GSE280318	GSM8703565_Tumor24	M3_spatial_leiden	log1p_hvg	K4	4	3	20	0.464725		0.90274	
GSE280318	GSM8703565_Tumor24	M3_spatial_leiden	log1p_hvg	K6	6	0	20	0.284733		0.449289	
GSE280318	GSM8703565_Tumor24	M3_spatial_leiden	log1p_hvg	K6	6	1	20	0.332752		0.546953	
GSE280318	GSM8703565_Tumor24	M3_spatial_leiden	log1p_hvg	K6	6	2	20	0.443608		0.807071	
GSE280318	GSM8703565_Tumor24	M3_spatial_leiden	log1p_hvg	K6	6	3	20	0.289812		0.33628	
GSE280318	GSM8703565_Tumor24	M3_spatial_leiden	log1p_hvg	K6	6	4	20	0.599497		1.546351	
GSE280318	GSM8703565_Tumor24	M3_spatial_leiden	log1p_hvg	K6	6	5	20	0.293954		0.488963	
GSE280318	GSM8703566_Tumor26	M0_expr_kmeans	log1p_hvg	K4	4	0	20	0.38428		0.42634	
GSE280318	GSM8703566_Tumor26	M0_expr_kmeans	log1p_hvg	K4	4	1	20	0.169984		0.366994	
GSE280318	GSM8703566_Tumor26	M0_expr_kmeans	log1p_hvg	K4	4	2	20	-0.059914		0.202302	
GSE280318	GSM8703566_Tumor26	M0_expr_kmeans	log1p_hvg	K4	4	3	20	0.559339		0.618351	
GSE280318	GSM8703566_Tumor26	M0_expr_kmeans	log1p_hvg	K6	6	0	20	0.338986		0.374511	
GSE280318	GSM8703566_Tumor26	M0_expr_kmeans	log1p_hvg	K6	6	1	20	-0.053924		0.177823	
GSE280318	GSM8703566_Tumor26	M0_expr_kmeans	log1p_hvg	K6	6	2	20	0.426418		0.525607	
GSE280318	GSM8703566_Tumor26	M0_expr_kmeans	log1p_hvg	K6	6	3	20	0.375908		0.643551	
GSE280318	GSM8703566_Tumor26	M0_expr_kmeans	log1p_hvg	K6	6	4	20	0.620485		0.700619	
GSE280318	GSM8703566_Tumor26	M0_expr_kmeans	log1p_hvg	K6	6	5	20	0.103738		0.348749	
GSE280318	GSM8703566_Tumor26	M1_spatial_concat_kmeans	log1p_hvg	K4	4	0	20	0.384402		0.426106	
GSE280318	GSM8703566_Tumor26	M1_spatial_concat_kmeans	log1p_hvg	K4	4	1	20	0.169365		0.364871	
GSE280318	GSM8703566_Tumor26	M1_spatial_concat_kmeans	log1p_hvg	K4	4	2	20	-0.059914		0.202302	
GSE280318	GSM8703566_Tumor26	M1_spatial_concat_kmeans	log1p_hvg	K4	4	3	20	0.559339		0.618351	
GSE280318	GSM8703566_Tumor26	M1_spatial_concat_kmeans	log1p_hvg	K6	6	0	20	0.439514		0.543302	
GSE280318	GSM8703566_Tumor26	M1_spatial_concat_kmeans	log1p_hvg	K6	6	1	20	0.106701		0.334651	
GSE280318	GSM8703566_Tumor26	M1_spatial_concat_kmeans	log1p_hvg	K6	6	2	20	0.619245		0.698386	
GSE280318	GSM8703566_Tumor26	M1_spatial_concat_kmeans	log1p_hvg	K6	6	3	20	0.336913		0.377848	
GSE280318	GSM8703566_Tumor26	M1_spatial_concat_kmeans	log1p_hvg	K6	6	4	20	0.344587		0.603323	
GSE280318	GSM8703566_Tumor26	M1_spatial_concat_kmeans	log1p_hvg	K6	6	5	20	-0.04817		0.190964	
GSE280318	GSM8703566_Tumor26	M3_spatial_leiden	log1p_hvg	K4	4	0	20	0.289203		0.721956	
GSE280318	GSM8703566_Tumor26	M3_spatial_leiden	log1p_hvg	K4	4	1	20	0.360126		0.415134	
GSE280318	GSM8703566_Tumor26	M3_spatial_leiden	log1p_hvg	K4	4	2	20	0.256191		0.485399	
GSE280318	GSM8703566_Tumor26	M3_spatial_leiden	log1p_hvg	K4	4	3	20	0.472975		0.555801	
GSE311294	GSM9322957_TR11_206	M2_spatial_ward	log1p_hvg	K4	4	0	20	0.37324		1.373893	
GSE311294	GSM9322957_TR11_206	M2_spatial_ward	log1p_hvg	K4	4	1	20	0.874422		1.162009	
GSE311294	GSM9322957_TR11_206	M2_spatial_ward	log1p_hvg	K4	4	2	20	2.33022		4.278346	
GSE311294	GSM9322957_TR11_206	M2_spatial_ward	log1p_hvg	K4	4	3	20	1.569645		2.036642	
GSE311294	GSM9322957_TR11_206	M2_spatial_ward	log1p_hvg	K6	6	0	20	0.874422		1.162009	
GSE311294	GSM9322957_TR11_206	M2_spatial_ward	log1p_hvg	K6	6	1	20	0.560666		1.262164	
GSE311294	GSM9322957_TR11_206	M2_spatial_ward	log1p_hvg	K6	6	2	20	2.33022		4.278346	
GSE311294	GSM9322957_TR11_206	M2_spatial_ward	log1p_hvg	K6	6	3	20	1.569645		2.036642	
GSE311294	GSM9322957_TR11_206	M2_spatial_ward	log1p_hvg	K6	6	4	20	0.312546		1.207386	
GSE311294	GSM9322957_TR11_206	M2_spatial_ward	log1p_hvg	K6	6	5	20	1.136245		1.627083	
GSE311294	GSM9322958_TR11_16184	M2_spatial_ward	log1p_hvg	K4	4	0	20	0.564199		1.00719	
GSE311294	GSM9322958_TR11_16184	M2_spatial_ward	log1p_hvg	K4	4	1	20	2.181579		3.866493	
GSE311294	GSM9322958_TR11_16184	M2_spatial_ward	log1p_hvg	K4	4	2	20	0.884719		1.226906	
GSE311294	GSM9322958_TR11_16184	M2_spatial_ward	log1p_hvg	K4	4	3	20	0.846692		1.187844	
GSE311294	GSM9322958_TR11_16184	M2_spatial_ward	log1p_hvg	K6	6	0	20	2.181579		3.866493	
GSE311294	GSM9322958_TR11_16184	M2_spatial_ward	log1p_hvg	K6	6	1	20	0.903643		1.267593	
GSE311294	GSM9322958_TR11_16184	M2_spatial_ward	log1p_hvg	K6	6	2	20	1.103775		2.746396	
GSE311294	GSM9322958_TR11_16184	M2_spatial_ward	log1p_hvg	K6	6	3	20	0.846692		1.187844	
GSE311294	GSM9322958_TR11_16184	M2_spatial_ward	log1p_hvg	K6	6	4	20	0.70407		1.223068	
GSE311294	GSM9322958_TR11_16184	M2_spatial_ward	log1p_hvg	K6	6	5	20	1.232649		2.057511	
GSE311294	GSM9322959_TR11_18105	M2_spatial_ward	log1p_hvg	K4	4	0	20	0.972689		2.439466	
GSE311294	GSM9322959_TR11_18105	M2_spatial_ward	log1p_hvg	K4	4	1	20	0.080632		0.170185	
GSE311294	GSM9322959_TR11_18105	M2_spatial_ward	log1p_hvg	K4	4	2	20	0.841586		0.962884	
GSE311294	GSM9322959_TR11_18105	M2_spatial_ward	log1p_hvg	K4	4	3	20	0.298994		0.521019	
GSE311294	GSM9322959_TR11_18105	M2_spatial_ward	log1p_hvg	K6	6	0	20	0.841586		0.962884	
GSE311294	GSM9322959_TR11_18105	M2_spatial_ward	log1p_hvg	K6	6	1	20	0.459176		0.746433	
GSE311294	GSM9322959_TR11_18105	M2_spatial_ward	log1p_hvg	K6	6	2	20	0.302442		0.543414	
GSE311294	GSM9322959_TR11_18105	M2_spatial_ward	log1p_hvg	K6	6	3	20	0.298994		0.521019	
GSE311294	GSM9322959_TR11_18105	M2_spatial_ward	log1p_hvg	K6	6	4	20	1.134079		3.093729	
GSE311294	GSM9322959_TR11_18105	M2_spatial_ward	log1p_hvg	K6	6	5	20	-0.084182		0.395794	
GSE311294	GSM9322960_TR11_21723	M2_spatial_ward	log1p_hvg	K4	4	0	20	1.997216		2.497609	
GSE311294	GSM9322960_TR11_21723	M2_spatial_ward	log1p_hvg	K4	4	1	20	0.533122		1.179496	
GSE311294	GSM9322960_TR11_21723	M2_spatial_ward	log1p_hvg	K4	4	2	20	0.502931		2.015504	
GSE311294	GSM9322960_TR11_21723	M2_spatial_ward	log1p_hvg	K4	4	3	20	2.485043		4.310116	
GSE311294	GSM9322960_TR11_21723	M2_spatial_ward	log1p_hvg	K6	6	0	20	0.533122		1.179496	
GSE311294	GSM9322960_TR11_21723	M2_spatial_ward	log1p_hvg	K6	6	1	20	1.952964		2.566199	
GSE311294	GSM9322960_TR11_21723	M2_spatial_ward	log1p_hvg	K6	6	2	20	0.98126		1.778525	
GSE311294	GSM9322960_TR11_21723	M2_spatial_ward	log1p_hvg	K6	6	3	20	2.485043		4.310116	
GSE311294	GSM9322960_TR11_21723	M2_spatial_ward	log1p_hvg	K6	6	4	20	0.959457		1.541115	
GSE311294	GSM9322960_TR11_21723	M2_spatial_ward	log1p_hvg	K6	6	5	20	0.502931		2.015504	
GSE311294	GSM9322961_TR16_23542	M2_spatial_ward	log1p_hvg	K4	4	0	20	0.449981		0.810724	
GSE311294	GSM9322961_TR16_23542	M2_spatial_ward	log1p_hvg	K4	4	1	20	2.368453		3.64578	
GSE311294	GSM9322961_TR16_23542	M2_spatial_ward	log1p_hvg	K4	4	2	20	0.332925		1.379339	
GSE311294	GSM9322961_TR16_23542	M2_spatial_ward	log1p_hvg	K4	4	3	20	1.238081		1.949697	
GSE311294	GSM9322961_TR16_23542	M2_spatial_ward	log1p_hvg	K6	6	0	20	0.524207		1.066617	
GSE311294	GSM9322961_TR16_23542	M2_spatial_ward	log1p_hvg	K6	6	1	20	0.527557		1.600683	
GSE311294	GSM9322961_TR16_23542	M2_spatial_ward	log1p_hvg	K6	6	2	20	0.066625		0.827933	
GSE311294	GSM9322961_TR16_23542	M2_spatial_ward	log1p_hvg	K6	6	3	20	1.238081		1.949697	
GSE311294	GSM9322961_TR16_23542	M2_spatial_ward	log1p_hvg	K6	6	4	20	2.368453		3.64578	
GSE311294	GSM9322961_TR16_23542	M2_spatial_ward	log1p_hvg	K6	6	5	20	0.732318		1.917661	
GSE267401	GSM8265211_CTC21P	M2_spatial_ward	log1p_hvg	K4	4	0	20	2.041771		2.414273	
GSE267401	GSM8265211_CTC21P	M2_spatial_ward	log1p_hvg	K4	4	1	20	1.378569		3.038301	
GSE267401	GSM8265211_CTC21P	M2_spatial_ward	log1p_hvg	K4	4	2	20	2.28033		4.397045	
GSE267401	GSM8265211_CTC21P	M2_spatial_ward	log1p_hvg	K4	4	3	20	0.906348		1.565897	
GSE267401	GSM8265211_CTC21P	M2_spatial_ward	log1p_hvg	K6	6	0	20	1.820584		2.180923	
GSE267401	GSM8265211_CTC21P	M2_spatial_ward	log1p_hvg	K6	6	1	20	1.378569		3.038301	
GSE267401	GSM8265211_CTC21P	M2_spatial_ward	log1p_hvg	K6	6	2	20	2.28033		4.397045	
GSE267401	GSM8265211_CTC21P	M2_spatial_ward	log1p_hvg	K6	6	3	20	0.906348		1.565897	
GSE267401	GSM8265211_CTC21P	M2_spatial_ward	log1p_hvg	K6	6	4	20	0.7365		1.945232	
GSE267401	GSM8265211_CTC21P	M2_spatial_ward	log1p_hvg	K6	6	5	20	1.11399		3.30648	
GSE267401	GSM8265212_CTC21M	M2_spatial_ward	log1p_hvg	K4	4	0	20	0.760594		0.997826	
GSE267401	GSM8265212_CTC21M	M2_spatial_ward	log1p_hvg	K4	4	1	20	1.02418		1.227608	
GSE267401	GSM8265212_CTC21M	M2_spatial_ward	log1p_hvg	K4	4	2	20	1.742545		2.74957	
GSE267401	GSM8265212_CTC21M	M2_spatial_ward	log1p_hvg	K4	4	3	20	-0.2574		-0.067053	
GSE267401	GSM8265212_CTC21M	M2_spatial_ward	log1p_hvg	K6	6	0	20	1.02418		1.227608	
GSE267401	GSM8265212_CTC21M	M2_spatial_ward	log1p_hvg	K6	6	1	20	0.920597		1.159156	
GSE267401	GSM8265212_CTC21M	M2_spatial_ward	log1p_hvg	K6	6	2	20	1.742545		2.74957	
GSE267401	GSM8265212_CTC21M	M2_spatial_ward	log1p_hvg	K6	6	3	20	-0.2574		-0.067053	
GSE267401	GSM8265212_CTC21M	M2_spatial_ward	log1p_hvg	K6	6	4	20	0.84762		1.266197	
GSE267401	GSM8265212_CTC21M	M2_spatial_ward	log1p_hvg	K6	6	5	20	1.10555		1.482832	
GSE267401	GSM8265213_CTC17P	M2_spatial_ward	log1p_hvg	K4	4	0	20	1.352574		1.57029	
GSE267401	GSM8265213_CTC17P	M2_spatial_ward	log1p_hvg	K4	4	1	20	0.001937		0.41343	
GSE267401	GSM8265213_CTC17P	M2_spatial_ward	log1p_hvg	K4	4	2	20	2.128016		4.786744	
GSE267401	GSM8265213_CTC17P	M2_spatial_ward	log1p_hvg	K4	4	3	20	-0.223041		-0.138375	
GSE267401	GSM8265213_CTC17P	M2_spatial_ward	log1p_hvg	K6	6	0	20	0.697934		1.250565	
GSE267401	GSM8265213_CTC17P	M2_spatial_ward	log1p_hvg	K6	6	1	20	0.630699		0.844112	
GSE267401	GSM8265213_CTC17P	M2_spatial_ward	log1p_hvg	K6	6	2	20	0.472695		0.61607	
GSE267401	GSM8265213_CTC17P	M2_spatial_ward	log1p_hvg	K6	6	3	20	-0.223041		-0.138375	
GSE267401	GSM8265213_CTC17P	M2_spatial_ward	log1p_hvg	K6	6	4	20	0.001937		0.41343	
GSE267401	GSM8265213_CTC17P	M2_spatial_ward	log1p_hvg	K6	6	5	20	2.128016		4.786744	
GSE267401	GSM8265214_CTC17M	M2_spatial_ward	log1p_hvg	K4	4	0	20	0.510574		0.689386	
GSE267401	GSM8265214_CTC17M	M2_spatial_ward	log1p_hvg	K4	4	1	20	0.08841		0.64625	
GSE267401	GSM8265214_CTC17M	M2_spatial_ward	log1p_hvg	K4	4	2	20	0.068043		0.221245	
GSE267401	GSM8265214_CTC17M	M2_spatial_ward	log1p_hvg	K4	4	3	20	0.32665		0.478892	
GSE267401	GSM8265214_CTC17M	M2_spatial_ward	log1p_hvg	K6	6	0	20	0.381411		0.566735	
GSE267401	GSM8265214_CTC17M	M2_spatial_ward	log1p_hvg	K6	6	1	20	0.08841		0.64625	
GSE267401	GSM8265214_CTC17M	M2_spatial_ward	log1p_hvg	K6	6	2	20	0.068043		0.221245	
GSE267401	GSM8265214_CTC17M	M2_spatial_ward	log1p_hvg	K6	6	3	20	0.32665		0.478892	
GSE267401	GSM8265214_CTC17M	M2_spatial_ward	log1p_hvg	K6	6	4	20	0.17884		0.95241	
GSE267401	GSM8265214_CTC17M	M2_spatial_ward	log1p_hvg	K6	6	5	20	0.356779		0.428389	
GSE280318	GSM8703563_Tumor19	M2_spatial_ward	log1p_hvg	K4	4	0	20	0.347194		0.726869	
GSE280318	GSM8703563_Tumor19	M2_spatial_ward	log1p_hvg	K4	4	1	20	0.370608		0.441382	
GSE280318	GSM8703563_Tumor19	M2_spatial_ward	log1p_hvg	K4	4	2	20	0.157986		0.334988	
GSE280318	GSM8703563_Tumor19	M2_spatial_ward	log1p_hvg	K4	4	3	20	0.685831		0.800369	
GSE280318	GSM8703563_Tumor19	M2_spatial_ward	log1p_hvg	K6	6	0	20	0.175607		0.246121	
GSE280318	GSM8703563_Tumor19	M2_spatial_ward	log1p_hvg	K6	6	1	20	0.370608		0.441382	
GSE280318	GSM8703563_Tumor19	M2_spatial_ward	log1p_hvg	K6	6	2	20	0.157986		0.334988	
GSE280318	GSM8703563_Tumor19	M2_spatial_ward	log1p_hvg	K6	6	3	20	0.685831		0.800369	
GSE280318	GSM8703563_Tumor19	M2_spatial_ward	log1p_hvg	K6	6	4	20	0.284363		0.708295	
GSE280318	GSM8703563_Tumor19	M2_spatial_ward	log1p_hvg	K6	6	5	20	0.503541		0.787451	
GSE280318	GSM8703564_Tumor20	M2_spatial_ward	log1p_hvg	K4	4	0	20	0.633755		1.003943	
GSE280318	GSM8703564_Tumor20	M2_spatial_ward	log1p_hvg	K4	4	1	20	0.751658		1.622532	
GSE280318	GSM8703564_Tumor20	M2_spatial_ward	log1p_hvg	K4	4	2	20	0.805229		0.872505	
GSE280318	GSM8703564_Tumor20	M2_spatial_ward	log1p_hvg	K4	4	3	20	0.860883		1.070785	
GSE280318	GSM8703564_Tumor20	M2_spatial_ward	log1p_hvg	K6	6	0	20	0.68077		1.156316	
GSE280318	GSM8703564_Tumor20	M2_spatial_ward	log1p_hvg	K6	6	1	20	0.422832		0.706696	
GSE280318	GSM8703564_Tumor20	M2_spatial_ward	log1p_hvg	K6	6	2	20	0.805229		0.872505	
GSE280318	GSM8703564_Tumor20	M2_spatial_ward	log1p_hvg	K6	6	3	20	0.860883		1.070785	
GSE280318	GSM8703564_Tumor20	M2_spatial_ward	log1p_hvg	K6	6	4	20	0.751658		1.622532	
GSE280318	GSM8703564_Tumor20	M2_spatial_ward	log1p_hvg	K6	6	5	20	2.27611		3.08344	
GSE280318	GSM8703565_Tumor24	M2_spatial_ward	log1p_hvg	K4	4	0	20	0.520526		1.670588	
GSE280318	GSM8703565_Tumor24	M2_spatial_ward	log1p_hvg	K4	4	1	20	0.546596		0.583649	
GSE280318	GSM8703565_Tumor24	M2_spatial_ward	log1p_hvg	K4	4	2	20	0.687981		1.472854	
GSE280318	GSM8703565_Tumor24	M2_spatial_ward	log1p_hvg	K4	4	3	20	0.4134		0.548209	
GSE280318	GSM8703565_Tumor24	M2_spatial_ward	log1p_hvg	K6	6	0	20	0.687981		1.472854	
GSE280318	GSM8703565_Tumor24	M2_spatial_ward	log1p_hvg	K6	6	1	20	0.546596		0.583649	
GSE280318	GSM8703565_Tumor24	M2_spatial_ward	log1p_hvg	K6	6	2	20	0.520794		1.610194	
GSE280318	GSM8703565_Tumor24	M2_spatial_ward	log1p_hvg	K6	6	3	20	0.4134		0.548209	
GSE280318	GSM8703565_Tumor24	M2_spatial_ward	log1p_hvg	K6	6	4	20	0.463633		1.162024	
GSE280318	GSM8703565_Tumor24	M2_spatial_ward	log1p_hvg	K6	6	5	20	0.303414		1.036131	
GSE280318	GSM8703566_Tumor26	M2_spatial_ward	log1p_hvg	K4	4	0	20	-0.007445		0.382521	
GSE280318	GSM8703566_Tumor26	M2_spatial_ward	log1p_hvg	K4	4	1	20	0.302766		0.358431	
GSE280318	GSM8703566_Tumor26	M2_spatial_ward	log1p_hvg	K4	4	2	20	0.49088		0.58918	
GSE280318	GSM8703566_Tumor26	M2_spatial_ward	log1p_hvg	K4	4	3	20	0.587783		0.704703	
GSE280318	GSM8703566_Tumor26	M2_spatial_ward	log1p_hvg	K6	6	0	20	0.49088		0.58918	
GSE280318	GSM8703566_Tumor26	M2_spatial_ward	log1p_hvg	K6	6	1	20	0.055208		0.294641	
GSE280318	GSM8703566_Tumor26	M2_spatial_ward	log1p_hvg	K6	6	2	20	0.337098		0.426514	
GSE280318	GSM8703566_Tumor26	M2_spatial_ward	log1p_hvg	K6	6	3	20	0.587783		0.704703	
GSE280318	GSM8703566_Tumor26	M2_spatial_ward	log1p_hvg	K6	6	4	20	0.091884		0.32552	
GSE280318	GSM8703566_Tumor26	M2_spatial_ward	log1p_hvg	K6	6	5	20	0.360119		0.769235	
GSE311294	GSM9322957_TR11_206	M4_spagcn	log1p_hvg	K4	4	0	20	1.231292		1.646477	
GSE311294	GSM9322957_TR11_206	M4_spagcn	log1p_hvg	K4	4	1	20	2.275598		4.303061	
GSE311294	GSM9322957_TR11_206	M4_spagcn	log1p_hvg	K4	4	2	20	1.629485		2.125346	
GSE311294	GSM9322957_TR11_206	M4_spagcn	log1p_hvg	K4	4	3	20	0.296043		1.081729	
GSE311294	GSM9322957_TR11_206	M4_spagcn	log1p_hvg	K6	6	0	20	2.30514		4.316919	
GSE311294	GSM9322957_TR11_206	M4_spagcn	log1p_hvg	K6	6	1	20	1.155726		1.521384	
GSE311294	GSM9322957_TR11_206	M4_spagcn	log1p_hvg	K6	6	2	20	1.81464		2.386137	
GSE311294	GSM9322957_TR11_206	M4_spagcn	log1p_hvg	K6	6	3	20	0.380724		1.503119	
GSE311294	GSM9322957_TR11_206	M4_spagcn	log1p_hvg	K6	6	4	20	1.324886		1.927495	
GSE311294	GSM9322957_TR11_206	M4_spagcn	log1p_hvg	K6	6	5	20	0.825826		1.203807	
GSE311294	GSM9322958_TR11_16184	M4_spagcn	log1p_hvg	K4	4	0	20	2.237995		4.029882	
GSE311294	GSM9322958_TR11_16184	M4_spagcn	log1p_hvg	K4	4	1	20	0.96284		1.343806	
GSE311294	GSM9322958_TR11_16184	M4_spagcn	log1p_hvg	K4	4	2	20	0.864485		1.256289	
GSE311294	GSM9322958_TR11_16184	M4_spagcn	log1p_hvg	K4	4	3	20	0.642737		1.139821	
GSE311294	GSM9322958_TR11_16184	M4_spagcn	log1p_hvg	K6	6	0	20	0.69669		1.740289	
GSE311294	GSM9322958_TR11_16184	M4_spagcn	log1p_hvg	K6	6	1	20	0.893845		1.309518	
GSE311294	GSM9322958_TR11_16184	M4_spagcn	log1p_hvg	K6	6	2	20	2.2419		4.048866	
GSE311294	GSM9322958_TR11_16184	M4_spagcn	log1p_hvg	K6	6	3	20	1.085478		1.778028	
GSE311294	GSM9322958_TR11_16184	M4_spagcn	log1p_hvg	K6	6	4	20	0.928784		1.283851	
GSE311294	GSM9322958_TR11_16184	M4_spagcn	log1p_hvg	K6	6	5	20	0.702672		0.80915	
GSE311294	GSM9322959_TR11_18105	M4_spagcn	log1p_hvg	K4	4	0	20	0.128372		0.212637	
GSE311294	GSM9322959_TR11_18105	M4_spagcn	log1p_hvg	K4	4	1	20	0.510165		1.208726	
GSE311294	GSM9322959_TR11_18105	M4_spagcn	log1p_hvg	K4	4	2	20	1.400757		2.074649	
GSE311294	GSM9322959_TR11_18105	M4_spagcn	log1p_hvg	K4	4	3	20	0.954866		1.202502	
GSE311294	GSM9322959_TR11_18105	M4_spagcn	log1p_hvg	K6	6	0	20	1.349816		3.341354	
GSE311294	GSM9322959_TR11_18105	M4_spagcn	log1p_hvg	K6	6	1	20	0.286951		0.486295	
GSE311294	GSM9322959_TR11_18105	M4_spagcn	log1p_hvg	K6	6	2	20	1.17822		1.357182	
GSE311294	GSM9322959_TR11_18105	M4_spagcn	log1p_hvg	K6	6	3	20	-0.003486		0.078272	
GSE311294	GSM9322959_TR11_18105	M4_spagcn	log1p_hvg	K6	6	4	20	1.538489		2.194969	
GSE311294	GSM9322959_TR11_18105	M4_spagcn	log1p_hvg	K6	6	5	20	0.501948		0.699076	
GSE311294	GSM9322960_TR11_21723	M4_spagcn	log1p_hvg	K4	4	0	20	0.283065		0.599219	
GSE311294	GSM9322960_TR11_21723	M4_spagcn	log1p_hvg	K4	4	1	20	1.085624		1.473782	
GSE311294	GSM9322960_TR11_21723	M4_spagcn	log1p_hvg	K4	4	2	20	2.499124		4.372998	
GSE311294	GSM9322960_TR11_21723	M4_spagcn	log1p_hvg	K4	4	3	20	1.885701		2.477867	
GSE311294	GSM9322960_TR11_21723	M4_spagcn	log1p_hvg	K6	6	0	20	1.367149		1.798568	
GSE311294	GSM9322960_TR11_21723	M4_spagcn	log1p_hvg	K6	6	1	20	1.131539		2.186794	
GSE311294	GSM9322960_TR11_21723	M4_spagcn	log1p_hvg	K6	6	2	20	0.281809		0.808372	
GSE311294	GSM9322960_TR11_21723	M4_spagcn	log1p_hvg	K6	6	3	20	2.505414		4.20901	
GSE311294	GSM9322960_TR11_21723	M4_spagcn	log1p_hvg	K6	6	4	20	1.740858		2.34685	
GSE311294	GSM9322960_TR11_21723	M4_spagcn	log1p_hvg	K6	6	5	20	0.960833		1.433295	
GSE311294	GSM9322961_TR16_23542	M4_spagcn	log1p_hvg	K4	4	0	20	1.234259		2.026512	
GSE311294	GSM9322961_TR16_23542	M4_spagcn	log1p_hvg	K4	4	1	20	0.352178		1.424538	
GSE311294	GSM9322961_TR16_23542	M4_spagcn	log1p_hvg	K4	4	2	20	2.428233		3.691799	
GSE311294	GSM9322961_TR16_23542	M4_spagcn	log1p_hvg	K4	4	3	20	0.318273		0.697553	
GSE311294	GSM9322961_TR16_23542	M4_spagcn	log1p_hvg	K6	6	0	20	0.043418		0.637516	
GSE311294	GSM9322961_TR16_23542	M4_spagcn	log1p_hvg	K6	6	1	20	0.881025		2.032434	
GSE311294	GSM9322961_TR16_23542	M4_spagcn	log1p_hvg	K6	6	2	20	0.569773		1.246272	
GSE311294	GSM9322961_TR16_23542	M4_spagcn	log1p_hvg	K6	6	3	20	0.370436		0.768741	
GSE311294	GSM9322961_TR16_23542	M4_spagcn	log1p_hvg	K6	6	4	20	2.452051		3.677306	
GSE311294	GSM9322961_TR16_23542	M4_spagcn	log1p_hvg	K6	6	5	20	1.306871		1.910296	
GSE267401	GSM8265211_CTC21P	M4_spagcn	log1p_hvg	K4	4	0	20	0.972504		2.790309	
GSE267401	GSM8265211_CTC21P	M4_spagcn	log1p_hvg	K4	4	1	20	0.638275		1.412217	
GSE267401	GSM8265211_CTC21P	M4_spagcn	log1p_hvg	K4	4	2	20	1.641208		1.975407	
GSE267401	GSM8265211_CTC21P	M4_spagcn	log1p_hvg	K4	4	3	20	2.277377		4.356866	
GSE267401	GSM8265211_CTC21P	M4_spagcn	log1p_hvg	K6	6	0	20	0.864227		2.676597	
GSE267401	GSM8265211_CTC21P	M4_spagcn	log1p_hvg	K6	6	1	20	1.453595		1.815374	
GSE267401	GSM8265211_CTC21P	M4_spagcn	log1p_hvg	K6	6	2	20	2.229766		4.364998	
GSE267401	GSM8265211_CTC21P	M4_spagcn	log1p_hvg	K6	6	3	20	1.716089		2.75282	
GSE267401	GSM8265211_CTC21P	M4_spagcn	log1p_hvg	K6	6	4	20	0.800241		2.373886	
GSE267401	GSM8265211_CTC21P	M4_spagcn	log1p_hvg	K6	6	5	20	0.905446		1.425011	
GSE267401	GSM8265212_CTC21M	M4_spagcn	log1p_hvg	K4	4	0	20	0.693801		0.848836	
GSE267401	GSM8265212_CTC21M	M4_spagcn	log1p_hvg	K4	4	1	20	1.085903		1.302919	
GSE267401	GSM8265212_CTC21M	M4_spagcn	log1p_hvg	K4	4	2	20	-0.265544		-0.068311	
GSE267401	GSM8265212_CTC21M	M4_spagcn	log1p_hvg	K4	4	3	20	1.541704		2.139679	
GSE267401	GSM8265212_CTC21M	M4_spagcn	log1p_hvg	K6	6	0	20	1.090086		1.536344	
GSE267401	GSM8265212_CTC21M	M4_spagcn	log1p_hvg	K6	6	1	20	-0.263465		-0.070845	
GSE267401	GSM8265212_CTC21M	M4_spagcn	log1p_hvg	K6	6	2	20	0.964075		1.166489	
GSE267401	GSM8265212_CTC21M	M4_spagcn	log1p_hvg	K6	6	3	20	1.068492		1.746954	
GSE267401	GSM8265212_CTC21M	M4_spagcn	log1p_hvg	K6	6	4	20	1.572986		2.280496	
GSE267401	GSM8265212_CTC21M	M4_spagcn	log1p_hvg	K6	6	5	20	0.987706		1.154535	
GSE267401	GSM8265213_CTC17P	M4_spagcn	log1p_hvg	K4	4	0	20	0.623039		0.866718	
GSE267401	GSM8265213_CTC17P	M4_spagcn	log1p_hvg	K4	4	1	20	0.316337		0.4868	
GSE267401	GSM8265213_CTC17P	M4_spagcn	log1p_hvg	K4	4	2	20	1.111649		1.93913	
GSE267401	GSM8265213_CTC17P	M4_spagcn	log1p_hvg	K4	4	3	20	0.509682		1.657573	
GSE267401	GSM8265213_CTC17P	M4_spagcn	log1p_hvg	K6	6	0	20	1.777608		2.766808	
GSE267401	GSM8265213_CTC17P	M4_spagcn	log1p_hvg	K6	6	1	20	0.622754		0.779773	
GSE267401	GSM8265213_CTC17P	M4_spagcn	log1p_hvg	K6	6	2	20	0.75343		1.363416	
GSE267401	GSM8265213_CTC17P	M4_spagcn	log1p_hvg	K6	6	3	20	-0.202868		-0.086117	
GSE267401	GSM8265213_CTC17P	M4_spagcn	log1p_hvg	K6	6	4	20	0.669989		0.84869	
GSE267401	GSM8265213_CTC17P	M4_spagcn	log1p_hvg	K6	6	5	20	0.645916		1.117613	
GSE267401	GSM8265214_CTC17M	M4_spagcn	log1p_hvg	K4	4	0	20	0.188538		0.354573	
GSE267401	GSM8265214_CTC17M	M4_spagcn	log1p_hvg	K4	4	1	20	0.319417		0.359327	
GSE267401	GSM8265214_CTC17M	M4_spagcn	log1p_hvg	K4	4	2	20	0.38832		0.726701	
GSE267401	GSM8265214_CTC17M	M4_spagcn	log1p_hvg	K4	4	3	20	0.054599		0.389492	
GSE267401	GSM8265214_CTC17M	M4_spagcn	log1p_hvg	K6	6	0	20	0.321019		0.39094	
GSE267401	GSM8265214_CTC17M	M4_spagcn	log1p_hvg	K6	6	1	20	-0.013205		0.44955	
GSE267401	GSM8265214_CTC17M	M4_spagcn	log1p_hvg	K6	6	2	20	0.187182		0.346004	
GSE267401	GSM8265214_CTC17M	M4_spagcn	log1p_hvg	K6	6	3	20	0.456415		0.818674	
GSE267401	GSM8265214_CTC17M	M4_spagcn	log1p_hvg	K6	6	4	20	0.177031		0.326595	
GSE267401	GSM8265214_CTC17M	M4_spagcn	log1p_hvg	K6	6	5	20	0.466134		0.694864	
GSE280318	GSM8703563_Tumor19	M4_spagcn	log1p_hvg	K4	4	0	20	0.24707		0.305072	
GSE280318	GSM8703563_Tumor19	M4_spagcn	log1p_hvg	K4	4	1	20	0.112329		0.211743	
GSE280318	GSM8703563_Tumor19	M4_spagcn	log1p_hvg	K4	4	2	20	0.454744		0.495122	
GSE280318	GSM8703563_Tumor19	M4_spagcn	log1p_hvg	K4	4	3	20	0.067222		0.247356	
GSE280318	GSM8703563_Tumor19	M4_spagcn	log1p_hvg	K6	6	0	20	0.073553		0.204308	
GSE280318	GSM8703563_Tumor19	M4_spagcn	log1p_hvg	K6	6	1	20	0.142951		0.258862	
GSE280318	GSM8703563_Tumor19	M4_spagcn	log1p_hvg	K6	6	2	20	0.469965		0.521086	
GSE280318	GSM8703563_Tumor19	M4_spagcn	log1p_hvg	K6	6	3	20	0.91736		1.251307	
GSE280318	GSM8703563_Tumor19	M4_spagcn	log1p_hvg	K6	6	4	20	0.899938		1.159347	
GSE280318	GSM8703563_Tumor19	M4_spagcn	log1p_hvg	K6	6	5	20	0.178223		0.21436	
GSE280318	GSM8703564_Tumor20	M4_spagcn	log1p_hvg	K4	4	0	20	0.487798		1.33941	
GSE280318	GSM8703564_Tumor20	M4_spagcn	log1p_hvg	K4	4	1	20	0.833393		0.924877	
GSE280318	GSM8703564_Tumor20	M4_spagcn	log1p_hvg	K4	4	2	20	0.386331		0.498027	
GSE280318	GSM8703564_Tumor20	M4_spagcn	log1p_hvg	K4	4	3	20	1.241953		2.227615	
GSE280318	GSM8703564_Tumor20	M4_spagcn	log1p_hvg	K6	6	0	20	2.124346		3.025776	
GSE280318	GSM8703564_Tumor20	M4_spagcn	log1p_hvg	K6	6	1	20	0.651994		1.308571	
GSE280318	GSM8703564_Tumor20	M4_spagcn	log1p_hvg	K6	6	2	20	0.709547		0.860495	
GSE280318	GSM8703564_Tumor20	M4_spagcn	log1p_hvg	K6	6	3	20	0.551405		1.412385	
GSE280318	GSM8703564_Tumor20	M4_spagcn	log1p_hvg	K6	6	4	20	0.958755		1.100439	
GSE280318	GSM8703564_Tumor20	M4_spagcn	log1p_hvg	K6	6	5	20	0.423261		0.503706	
GSE280318	GSM8703565_Tumor24	M4_spagcn	log1p_hvg	K4	4	0	20	0.287849		0.348387	
GSE280318	GSM8703565_Tumor24	M4_spagcn	log1p_hvg	K4	4	1	20	0.587511		0.652469	
GSE280318	GSM8703565_Tumor24	M4_spagcn	log1p_hvg	K4	4	2	20	0.715918		1.466635	
GSE280318	GSM8703565_Tumor24	M4_spagcn	log1p_hvg	K4	4	3	20	0.604789		1.964608	
GSE280318	GSM8703565_Tumor24	M4_spagcn	log1p_hvg	K6	6	0	20	0.6847		1.382288	
GSE280318	GSM8703565_Tumor24	M4_spagcn	log1p_hvg	K6	6	1	20	0.585788		0.657341	
GSE280318	GSM8703565_Tumor24	M4_spagcn	log1p_hvg	K6	6	2	20	0.370389		1.4235	
GSE280318	GSM8703565_Tumor24	M4_spagcn	log1p_hvg	K6	6	3	20	0.5734		1.066653	
GSE280318	GSM8703565_Tumor24	M4_spagcn	log1p_hvg	K6	6	4	20	0.321006		0.420434	
GSE280318	GSM8703565_Tumor24	M4_spagcn	log1p_hvg	K6	6	5	20	0.694274		1.795929	
GSE280318	GSM8703566_Tumor26	M4_spagcn	log1p_hvg	K4	4	0	20	0.52675		0.577901	
GSE280318	GSM8703566_Tumor26	M4_spagcn	log1p_hvg	K4	4	1	20	-0.045886		0.327786	
GSE280318	GSM8703566_Tumor26	M4_spagcn	log1p_hvg	K4	4	2	20	0.239376		0.351954	
GSE280318	GSM8703566_Tumor26	M4_spagcn	log1p_hvg	K4	4	3	20	0.391103		0.434109	
GSE280318	GSM8703566_Tumor26	M4_spagcn	log1p_hvg	K6	6	0	20	0.402658		0.461126	
GSE280318	GSM8703566_Tumor26	M4_spagcn	log1p_hvg	K6	6	1	20	0.3693		0.430802	
GSE280318	GSM8703566_Tumor26	M4_spagcn	log1p_hvg	K6	6	2	20	-0.056895		0.199444	
GSE280318	GSM8703566_Tumor26	M4_spagcn	log1p_hvg	K6	6	3	20	0.590337		0.826037	
GSE280318	GSM8703566_Tumor26	M4_spagcn	log1p_hvg	K6	6	4	20	0.161904		0.378757	
GSE280318	GSM8703566_Tumor26	M4_spagcn	log1p_hvg	K6	6	5	20	0.354607		0.523381	
GSE311294	GSM9322957_TR11_206	M5_stagate	log1p_hvg	K4	4	0	20	1.71239		2.265655	
GSE311294	GSM9322957_TR11_206	M5_stagate	log1p_hvg	K4	4	1	20	0.284921		0.983607	
GSE311294	GSM9322957_TR11_206	M5_stagate	log1p_hvg	K4	4	2	20	2.218152		4.252469	
GSE311294	GSM9322957_TR11_206	M5_stagate	log1p_hvg	K4	4	3	20	1.246493		1.599666	
GSE311294	GSM9322957_TR11_206	M5_stagate	log1p_hvg	K6	6	0	20	0.740717		1.056645	
GSE311294	GSM9322957_TR11_206	M5_stagate	log1p_hvg	K6	6	1	20	1.308472		1.949236	
GSE311294	GSM9322957_TR11_206	M5_stagate	log1p_hvg	K6	6	2	20	0.275057		1.082105	
GSE311294	GSM9322957_TR11_206	M5_stagate	log1p_hvg	K6	6	3	20	2.284213		4.285882	
GSE311294	GSM9322957_TR11_206	M5_stagate	log1p_hvg	K6	6	4	20	1.217165		1.606027	
GSE311294	GSM9322957_TR11_206	M5_stagate	log1p_hvg	K6	6	5	20	1.743436		2.274884	
GSE311294	GSM9322958_TR11_16184	M5_stagate	log1p_hvg	K4	4	0	20	0.463805		0.857104	
GSE311294	GSM9322958_TR11_16184	M5_stagate	log1p_hvg	K4	4	1	20	2.160986		3.645606	
GSE311294	GSM9322958_TR11_16184	M5_stagate	log1p_hvg	K4	4	2	20	0.780812		1.0946	
GSE311294	GSM9322958_TR11_16184	M5_stagate	log1p_hvg	K4	4	3	20	0.917046		1.147472	
GSE311294	GSM9322958_TR11_16184	M5_stagate	log1p_hvg	K6	6	0	20	0.816925		1.191776	
GSE311294	GSM9322958_TR11_16184	M5_stagate	log1p_hvg	K6	6	1	20	2.218816		4.00002	
GSE311294	GSM9322958_TR11_16184	M5_stagate	log1p_hvg	K6	6	2	20	1.078661		1.639776	
GSE311294	GSM9322958_TR11_16184	M5_stagate	log1p_hvg	K6	6	3	20	0.87154		1.183252	
GSE311294	GSM9322958_TR11_16184	M5_stagate	log1p_hvg	K6	6	4	20	0.563979		1.014651	
GSE311294	GSM9322958_TR11_16184	M5_stagate	log1p_hvg	K6	6	5	20	0.828286		1.478514	
GSE311294	GSM9322959_TR11_18105	M5_stagate	log1p_hvg	K4	4	0	20	0.935685		2.513935	
GSE311294	GSM9322959_TR11_18105	M5_stagate	log1p_hvg	K4	4	1	20	-0.098936		0.002325	
GSE311294	GSM9322959_TR11_18105	M5_stagate	log1p_hvg	K4	4	2	20	0.840332		1.023545	
GSE311294	GSM9322959_TR11_18105	M5_stagate	log1p_hvg	K4	4	3	20	0.386295		0.620959	
GSE311294	GSM9322959_TR11_18105	M5_stagate	log1p_hvg	K6	6	0	20	1.256009		2.58424	
GSE311294	GSM9322959_TR11_18105	M5_stagate	log1p_hvg	K6	6	1	20	1.343163		1.871466	
GSE311294	GSM9322959_TR11_18105	M5_stagate	log1p_hvg	K6	6	2	20	1.141966		1.290768	
GSE311294	GSM9322959_TR11_18105	M5_stagate	log1p_hvg	K6	6	3	20	0.386308		0.581085	
GSE311294	GSM9322959_TR11_18105	M5_stagate	log1p_hvg	K6	6	4	20	0.471124		1.478275	
GSE311294	GSM9322959_TR11_18105	M5_stagate	log1p_hvg	K6	6	5	20	-0.11372		-0.009017	
GSE311294	GSM9322960_TR11_21723	M5_stagate	log1p_hvg	K4	4	0	20	0.240729		0.662551	
GSE311294	GSM9322960_TR11_21723	M5_stagate	log1p_hvg	K4	4	1	20	1.965257		2.567105	
GSE311294	GSM9322960_TR11_21723	M5_stagate	log1p_hvg	K4	4	2	20	2.479977		4.380822	
GSE311294	GSM9322960_TR11_21723	M5_stagate	log1p_hvg	K4	4	3	20	0.965403		1.573918	
GSE311294	GSM9322960_TR11_21723	M5_stagate	log1p_hvg	K6	6	0	20	2.493579		4.306727	
GSE311294	GSM9322960_TR11_21723	M5_stagate	log1p_hvg	K6	6	1	20	1.831212		2.449557	
GSE311294	GSM9322960_TR11_21723	M5_stagate	log1p_hvg	K6	6	2	20	0.585009		1.184813	
GSE311294	GSM9322960_TR11_21723	M5_stagate	log1p_hvg	K6	6	3	20	0.416039		1.652106	
GSE311294	GSM9322960_TR11_21723	M5_stagate	log1p_hvg	K6	6	4	20	1.178385		1.604005	
GSE311294	GSM9322960_TR11_21723	M5_stagate	log1p_hvg	K6	6	5	20	0.953004		1.558236	
GSE311294	GSM9322961_TR16_23542	M5_stagate	log1p_hvg	K4	4	0	20	0.384254		0.738632	
GSE311294	GSM9322961_TR16_23542	M5_stagate	log1p_hvg	K4	4	1	20	2.36169		3.525393	
GSE311294	GSM9322961_TR16_23542	M5_stagate	log1p_hvg	K4	4	2	20	1.247998		1.922896	
GSE311294	GSM9322961_TR16_23542	M5_stagate	log1p_hvg	K4	4	3	20	0.340235		1.38619	
GSE311294	GSM9322961_TR16_23542	M5_stagate	log1p_hvg	K6	6	0	20	0.745266		1.509846	
GSE311294	GSM9322961_TR16_23542	M5_stagate	log1p_hvg	K6	6	1	20	0.91732		2.068187	
GSE311294	GSM9322961_TR16_23542	M5_stagate	log1p_hvg	K6	6	2	20	0.289892		0.676495	
GSE311294	GSM9322961_TR16_23542	M5_stagate	log1p_hvg	K6	6	3	20	2.386735		3.515787	
GSE311294	GSM9322961_TR16_23542	M5_stagate	log1p_hvg	K6	6	4	20	0.071516		0.784183	
GSE311294	GSM9322961_TR16_23542	M5_stagate	log1p_hvg	K6	6	5	20	1.355387		2.056503	
GSE267401	GSM8265211_CTC21P	M5_stagate	log1p_hvg	K4	4	0	20	1.248145		2.899035	
GSE267401	GSM8265211_CTC21P	M5_stagate	log1p_hvg	K4	4	1	20	1.682321		2.069362	
GSE267401	GSM8265211_CTC21P	M5_stagate	log1p_hvg	K4	4	2	20	2.232813		4.074269	
GSE267401	GSM8265211_CTC21P	M5_stagate	log1p_hvg	K4	4	3	20	0.771697		1.913845	
GSE267401	GSM8265211_CTC21P	M5_stagate	log1p_hvg	K6	6	0	20	1.298805		1.699808	
GSE267401	GSM8265211_CTC21P	M5_stagate	log1p_hvg	K6	6	1	20	1.776196		3.523738	
GSE267401	GSM8265211_CTC21P	M5_stagate	log1p_hvg	K6	6	2	20	0.810106		2.076458	
GSE267401	GSM8265211_CTC21P	M5_stagate	log1p_hvg	K6	6	3	20	1.177227		1.856081	
GSE267401	GSM8265211_CTC21P	M5_stagate	log1p_hvg	K6	6	4	20	0.56231		2.43722	
GSE267401	GSM8265211_CTC21P	M5_stagate	log1p_hvg	K6	6	5	20	2.138963		3.854336	
GSE267401	GSM8265212_CTC21M	M5_stagate	log1p_hvg	K4	4	0	20	1.518905		2.219642	
GSE267401	GSM8265212_CTC21M	M5_stagate	log1p_hvg	K4	4	1	20	-0.262298		-0.052698	
GSE267401	GSM8265212_CTC21M	M5_stagate	log1p_hvg	K4	4	2	20	0.950112		1.155471	
GSE267401	GSM8265212_CTC21M	M5_stagate	log1p_hvg	K4	4	3	20	1.067871		1.457492	
GSE267401	GSM8265212_CTC21M	M5_stagate	log1p_hvg	K6	6	0	20	1.691936		2.527962	
GSE267401	GSM8265212_CTC21M	M5_stagate	log1p_hvg	K6	6	1	20	1.04206		1.486273	
GSE267401	GSM8265212_CTC21M	M5_stagate	log1p_hvg	K6	6	2	20	-0.262298		-0.052698	
GSE267401	GSM8265212_CTC21M	M5_stagate	log1p_hvg	K6	6	3	20	1.076075		1.403074	
GSE267401	GSM8265212_CTC21M	M5_stagate	log1p_hvg	K6	6	4	20	0.982826		1.395442	
GSE267401	GSM8265212_CTC21M	M5_stagate	log1p_hvg	K6	6	5	20	0.933941		1.150203	
GSE267401	GSM8265213_CTC17P	M5_stagate	log1p_hvg	K4	4	0	20	0.729683		0.88014	
GSE267401	GSM8265213_CTC17P	M5_stagate	log1p_hvg	K4	4	1	20	-0.168095		-0.064242	
GSE267401	GSM8265213_CTC17P	M5_stagate	log1p_hvg	K4	4	2	20	1.61394		2.570741	
GSE267401	GSM8265213_CTC17P	M5_stagate	log1p_hvg	K4	4	3	20	0.708503		1.222231	
GSE267401	GSM8265213_CTC17P	M5_stagate	log1p_hvg	K6	6	0	20	0.602379		1.075567	
GSE267401	GSM8265213_CTC17P	M5_stagate	log1p_hvg	K6	6	1	20	-0.175767		-0.051556	
GSE267401	GSM8265213_CTC17P	M5_stagate	log1p_hvg	K6	6	2	20	1.192455		1.901776	
GSE267401	GSM8265213_CTC17P	M5_stagate	log1p_hvg	K6	6	3	20	0.661315		0.852083	
GSE267401	GSM8265213_CTC17P	M5_stagate	log1p_hvg	K6	6	4	20	0.593341		1.007851	
GSE267401	GSM8265213_CTC17P	M5_stagate	log1p_hvg	K6	6	5	20	1.706409		3.477604	
GSE267401	GSM8265214_CTC17M	M5_stagate	log1p_hvg	K4	4	0	20	0.355849		0.382626	
GSE267401	GSM8265214_CTC17M	M5_stagate	log1p_hvg	K4	4	1	20	-0.048906		0.520043	
GSE267401	GSM8265214_CTC17M	M5_stagate	log1p_hvg	K4	4	2	20	0.204577		0.254842	
GSE267401	GSM8265214_CTC17M	M5_stagate	log1p_hvg	K4	4	3	20	0.102061		0.365896	
GSE267401	GSM8265214_CTC17M	M5_stagate	log1p_hvg	K6	6	0	20	0.356551		0.406577	
GSE267401	GSM8265214_CTC17M	M5_stagate	log1p_hvg	K6	6	1	20	0.326474		0.512463	
GSE267401	GSM8265214_CTC17M	M5_stagate	log1p_hvg	K6	6	2	20	-0.084166		0.450732	
GSE267401	GSM8265214_CTC17M	M5_stagate	log1p_hvg	K6	6	3	20	0.118337		0.340563	
GSE267401	GSM8265214_CTC17M	M5_stagate	log1p_hvg	K6	6	4	20	0.387072		0.540602	
GSE267401	GSM8265214_CTC17M	M5_stagate	log1p_hvg	K6	6	5	20	0.005096		0.483827	
GSE280318	GSM8703563_Tumor19	M5_stagate	log1p_hvg	K4	4	0	20	0.280845		0.55371	
GSE280318	GSM8703563_Tumor19	M5_stagate	log1p_hvg	K4	4	1	20	0.596882		0.666823	
GSE280318	GSM8703563_Tumor19	M5_stagate	log1p_hvg	K4	4	2	20	0.079751		0.134628	
GSE280318	GSM8703563_Tumor19	M5_stagate	log1p_hvg	K4	4	3	20	0.248612		0.277491	
GSE280318	GSM8703563_Tumor19	M5_stagate	log1p_hvg	K6	6	0	20	0.243312		0.521864	
GSE280318	GSM8703563_Tumor19	M5_stagate	log1p_hvg	K6	6	1	20	0.645623		0.739016	
GSE280318	GSM8703563_Tumor19	M5_stagate	log1p_hvg	K6	6	2	20	0.315249		0.355787	
GSE280318	GSM8703563_Tumor19	M5_stagate	log1p_hvg	K6	6	3	20	0.05777		0.115112	
GSE280318	GSM8703563_Tumor19	M5_stagate	log1p_hvg	K6	6	4	20	0.107827		0.346013	
GSE280318	GSM8703563_Tumor19	M5_stagate	log1p_hvg	K6	6	5	20	0.328221		0.381843	
GSE280318	GSM8703564_Tumor20	M5_stagate	log1p_hvg	K4	4	0	20	0.842559		0.900634	
GSE280318	GSM8703564_Tumor20	M5_stagate	log1p_hvg	K4	4	1	20	0.417449		0.602498	
GSE280318	GSM8703564_Tumor20	M5_stagate	log1p_hvg	K4	4	2	20	0.554504		1.410483	
GSE280318	GSM8703564_Tumor20	M5_stagate	log1p_hvg	K4	4	3	20	1.806003		2.786755	
GSE280318	GSM8703564_Tumor20	M5_stagate	log1p_hvg	K6	6	0	20	0.337588		0.497188	
GSE280318	GSM8703564_Tumor20	M5_stagate	log1p_hvg	K6	6	1	20	0.933165		1.059232	
GSE280318	GSM8703564_Tumor20	M5_stagate	log1p_hvg	K6	6	2	20	0.745332		1.595854	
GSE280318	GSM8703564_Tumor20	M5_stagate	log1p_hvg	K6	6	3	20	0.715557		0.897112	
GSE280318	GSM8703564_Tumor20	M5_stagate	log1p_hvg	K6	6	4	20	0.389409		0.554354	
GSE280318	GSM8703564_Tumor20	M5_stagate	log1p_hvg	K6	6	5	20	1.811884		2.78764	
GSE280318	GSM8703565_Tumor24	M5_stagate	log1p_hvg	K4	4	0	20	0.563317		0.617076	
GSE280318	GSM8703565_Tumor24	M5_stagate	log1p_hvg	K4	4	1	20	0.397512		0.906497	
GSE280318	GSM8703565_Tumor24	M5_stagate	log1p_hvg	K4	4	2	20	0.567474		0.830489	
GSE280318	GSM8703565_Tumor24	M5_stagate	log1p_hvg	K4	4	3	20	0.566023		1.809991	
GSE280318	GSM8703565_Tumor24	M5_stagate	log1p_hvg	K6	6	0	20	0.281748		0.517305	
GSE280318	GSM8703565_Tumor24	M5_stagate	log1p_hvg	K6	6	1	20	0.343203		0.938801	
GSE280318	GSM8703565_Tumor24	M5_stagate	log1p_hvg	K6	6	2	20	0.584556		0.643988	
GSE280318	GSM8703565_Tumor24	M5_stagate	log1p_hvg	K6	6	3	20	0.437881		0.575892	
GSE280318	GSM8703565_Tumor24	M5_stagate	log1p_hvg	K6	6	4	20	0.686499		1.962897	
GSE280318	GSM8703565_Tumor24	M5_stagate	log1p_hvg	K6	6	5	20	0.685932		1.374209	
GSE280318	GSM8703566_Tumor26	M5_stagate	log1p_hvg	K4	4	0	20	0.501141		0.532222	
GSE280318	GSM8703566_Tumor26	M5_stagate	log1p_hvg	K4	4	1	20	0.033866		0.420858	
GSE280318	GSM8703566_Tumor26	M5_stagate	log1p_hvg	K4	4	2	20	0.370016		0.433794	
GSE280318	GSM8703566_Tumor26	M5_stagate	log1p_hvg	K4	4	3	20	0.027447		0.151975	
GSE280318	GSM8703566_Tumor26	M5_stagate	log1p_hvg	K6	6	0	20	0.500064		0.612265	
GSE280318	GSM8703566_Tumor26	M5_stagate	log1p_hvg	K6	6	1	20	0.052689		0.366248	
GSE280318	GSM8703566_Tumor26	M5_stagate	log1p_hvg	K6	6	2	20	0.542383		0.581558	
GSE280318	GSM8703566_Tumor26	M5_stagate	log1p_hvg	K6	6	3	20	0.074894		0.29632	
GSE280318	GSM8703566_Tumor26	M5_stagate	log1p_hvg	K6	6	4	20	0.295773		0.352189	
GSE280318	GSM8703566_Tumor26	M5_stagate	log1p_hvg	K6	6	5	20	0.026205		0.104775	
GSE289934	GSM8801844_A1	M5_stagate	log1p_hvg	K4	4	0	20	1.309551		1.912968	
GSE289934	GSM8801844_A1	M5_stagate	log1p_hvg	K4	4	1	20	0.800505		1.22553	
GSE289934	GSM8801844_A1	M5_stagate	log1p_hvg	K4	4	2	20	2.179748		3.199012	
GSE289934	GSM8801844_A1	M5_stagate	log1p_hvg	K4	4	3	20	0.948204		1.458719	
GSE289934	GSM8801844_A1	M5_stagate	log1p_hvg	K6	6	0	20	1.317492		1.922787	
GSE289934	GSM8801844_A1	M5_stagate	log1p_hvg	K6	6	1	20	1.098836		1.553873	
GSE289934	GSM8801844_A1	M5_stagate	log1p_hvg	K6	6	2	20	0.811809		1.196856	
GSE289934	GSM8801844_A1	M5_stagate	log1p_hvg	K6	6	3	20	2.196481		3.221056	
GSE289934	GSM8801844_A1	M5_stagate	log1p_hvg	K6	6	4	20	1.268057		1.755041	
GSE289934	GSM8801844_A1	M5_stagate	log1p_hvg	K6	6	5	20	0.314817		0.391232	
GSE289934	GSM8801845_B1	M5_stagate	log1p_hvg	K4	4	0	20	0.962778		1.386194	
GSE289934	GSM8801845_B1	M5_stagate	log1p_hvg	K4	4	1	20	0.675204		0.936936	
GSE289934	GSM8801845_B1	M5_stagate	log1p_hvg	K4	4	2	20	2.095468		3.038289	
GSE289934	GSM8801845_B1	M5_stagate	log1p_hvg	K4	4	3	20	1.16839		1.807094	
GSE289934	GSM8801845_B1	M5_stagate	log1p_hvg	K6	6	0	20	1.19039		1.831124	
GSE289934	GSM8801845_B1	M5_stagate	log1p_hvg	K6	6	1	20	1.284082		1.680683	
GSE289934	GSM8801845_B1	M5_stagate	log1p_hvg	K6	6	2	20	0.878878		1.551038	
GSE289934	GSM8801845_B1	M5_stagate	log1p_hvg	K6	6	3	20	1.207257		1.755389	
GSE289934	GSM8801845_B1	M5_stagate	log1p_hvg	K6	6	4	20	2.111005		3.061682	
GSE289934	GSM8801845_B1	M5_stagate	log1p_hvg	K6	6	5	20	0.740746		1.045967	
