dataset_id	sample_id	method_id	preprocessing_id	param_set_id	K	seed	status	wall_time_sec	cpu_time_sec	peak_rss_mb	disk_tmp_bytes	started_utc	finished_utc	hardware_id	software_versions	notes
GSE280318	GSM8703563_Tumor19	M0_expr_kmeans	log1p_hvg	K4	4	11	success	0.277944	0.277944	440.254		2026-04-22T04:17:39Z	2026-04-22T04:17:39Z	local-macbook-air-8gb-smoketest	python-smoketest	
GSE280318	GSM8703563_Tumor19	M0_expr_kmeans	log1p_hvg	K4	4	23	success	0.152684	0.152684	315.418		2026-04-22T04:17:40Z	2026-04-22T04:17:40Z	local-macbook-air-8gb-smoketest	python-smoketest	
GSE280318	GSM8703563_Tumor19	M0_expr_kmeans	log1p_hvg	K4	4	37	success	0.158725	0.158725	315.418		2026-04-22T04:17:40Z	2026-04-22T04:17:40Z	local-macbook-air-8gb-smoketest	python-smoketest	
GSE280318	GSM8703563_Tumor19	M0_expr_kmeans	log1p_hvg	K6	6	11	success	0.39032	0.39032	315.551		2026-04-22T04:17:40Z	2026-04-22T04:17:41Z	local-macbook-air-8gb-smoketest	python-smoketest	
GSE280318	GSM8703563_Tumor19	M0_expr_kmeans	log1p_hvg	K6	6	23	success	0.220093	0.220093	321.188		2026-04-22T04:17:41Z	2026-04-22T04:17:41Z	local-macbook-air-8gb-smoketest	python-smoketest	
GSE280318	GSM8703563_Tumor19	M0_expr_kmeans	log1p_hvg	K6	6	37	success	0.53517	0.53517	321.211		2026-04-22T04:17:41Z	2026-04-22T04:17:42Z	local-macbook-air-8gb-smoketest	python-smoketest	
GSE280318	GSM8703563_Tumor19	M1_spatial_concat_kmeans	log1p_hvg	K4	4	11	success	0.161745	0.161745	314.707		2026-04-22T04:17:42Z	2026-04-22T04:17:42Z	local-macbook-air-8gb-smoketest	python-smoketest	
GSE280318	GSM8703563_Tumor19	M1_spatial_concat_kmeans	log1p_hvg	K4	4	23	success	0.151809	0.151809	318.902		2026-04-22T04:17:42Z	2026-04-22T04:17:43Z	local-macbook-air-8gb-smoketest	python-smoketest	
GSE280318	GSM8703563_Tumor19	M1_spatial_concat_kmeans	log1p_hvg	K4	4	37	success	0.206374	0.206374	321.133		2026-04-22T04:17:43Z	2026-04-22T04:17:43Z	local-macbook-air-8gb-smoketest	python-smoketest	
GSE280318	GSM8703563_Tumor19	M1_spatial_concat_kmeans	log1p_hvg	K6	6	11	success	0.291195	0.291195	316.207		2026-04-22T04:17:43Z	2026-04-22T04:17:43Z	local-macbook-air-8gb-smoketest	python-smoketest	
GSE280318	GSM8703563_Tumor19	M1_spatial_concat_kmeans	log1p_hvg	K6	6	23	success	0.186329	0.186329	321.832		2026-04-22T04:17:44Z	2026-04-22T04:17:44Z	local-macbook-air-8gb-smoketest	python-smoketest	
GSE280318	GSM8703563_Tumor19	M1_spatial_concat_kmeans	log1p_hvg	K6	6	37	success	0.227516	0.227516	320.555		2026-04-22T04:17:44Z	2026-04-22T04:17:44Z	local-macbook-air-8gb-smoketest	python-smoketest	
GSE280318	GSM8703563_Tumor19	M3_spatial_leiden	log1p_hvg	K4	4	11	success	0.20477	0.20477	283.461		2026-04-22T04:17:47Z	2026-04-22T04:17:47Z	local-macbook-air-8gb-smoketest	python-smoketest	leiden_res=0.1;k_observed=4;exact_k=1;res_seed=11
GSE280318	GSM8703563_Tumor19	M3_spatial_leiden	log1p_hvg	K4	4	23	success	0.200565	0.200565	369.605		2026-04-22T04:17:47Z	2026-04-22T04:17:47Z	local-macbook-air-8gb-smoketest	python-smoketest	leiden_res=0.1;k_observed=4;exact_k=1;res_seed=11
GSE280318	GSM8703563_Tumor19	M3_spatial_leiden	log1p_hvg	K4	4	37	failed	0.215273	0.215273	340.758		2026-04-22T04:17:48Z	2026-04-22T04:17:48Z	local-macbook-air-8gb-smoketest	python-smoketest	leiden_res=0.1;k_observed=4;exact_k=1;res_seed=11
GSE280318	GSM8703563_Tumor19	M3_spatial_leiden	log1p_hvg	K6	6	11	success	0.217682	0.217682	355.512		2026-04-22T04:17:51Z	2026-04-22T04:17:51Z	local-macbook-air-8gb-smoketest	python-smoketest	leiden_res=0.1682;k_observed=6;exact_k=1;res_seed=11
GSE280318	GSM8703563_Tumor19	M3_spatial_leiden	log1p_hvg	K6	6	23	success	0.210849	0.210849	385.211		2026-04-22T04:17:51Z	2026-04-22T04:17:51Z	local-macbook-air-8gb-smoketest	python-smoketest	leiden_res=0.1682;k_observed=6;exact_k=1;res_seed=11
GSE280318	GSM8703563_Tumor19	M3_spatial_leiden	log1p_hvg	K6	6	37	success	0.21452	0.21452	338.898		2026-04-22T04:17:51Z	2026-04-22T04:17:52Z	local-macbook-air-8gb-smoketest	python-smoketest	leiden_res=0.1682;k_observed=6;exact_k=1;res_seed=11
GSE280318	GSM8703564_Tumor20	M0_expr_kmeans	log1p_hvg	K4	4	11	success	0.140694	0.140694	230.039		2026-04-22T04:17:53Z	2026-04-22T04:17:54Z	local-macbook-air-8gb-smoketest	python-smoketest	
GSE280318	GSM8703564_Tumor20	M0_expr_kmeans	log1p_hvg	K4	4	23	success	0.2685	0.2685	255.008		2026-04-22T04:17:54Z	2026-04-22T04:17:54Z	local-macbook-air-8gb-smoketest	python-smoketest	
GSE280318	GSM8703564_Tumor20	M0_expr_kmeans	log1p_hvg	K4	4	37	success	0.113027	0.113027	255.008		2026-04-22T04:17:54Z	2026-04-22T04:17:54Z	local-macbook-air-8gb-smoketest	python-smoketest	
GSE280318	GSM8703564_Tumor20	M0_expr_kmeans	log1p_hvg	K6	6	11	success	0.13995	0.13995	256.086		2026-04-22T04:17:54Z	2026-04-22T04:17:54Z	local-macbook-air-8gb-smoketest	python-smoketest	
GSE280318	GSM8703564_Tumor20	M0_expr_kmeans	log1p_hvg	K6	6	23	success	0.16508	0.16508	277.461		2026-04-22T04:17:54Z	2026-04-22T04:17:55Z	local-macbook-air-8gb-smoketest	python-smoketest	
GSE280318	GSM8703564_Tumor20	M0_expr_kmeans	log1p_hvg	K6	6	37	success	0.136004	0.136004	277.461		2026-04-22T04:17:55Z	2026-04-22T04:17:55Z	local-macbook-air-8gb-smoketest	python-smoketest	
GSE280318	GSM8703564_Tumor20	M1_spatial_concat_kmeans	log1p_hvg	K4	4	11	success	0.123383	0.123383	269.496		2026-04-22T04:17:55Z	2026-04-22T04:17:55Z	local-macbook-air-8gb-smoketest	python-smoketest	
GSE280318	GSM8703564_Tumor20	M1_spatial_concat_kmeans	log1p_hvg	K4	4	23	success	0.117256	0.117256	258.543		2026-04-22T04:17:55Z	2026-04-22T04:17:55Z	local-macbook-air-8gb-smoketest	python-smoketest	
GSE280318	GSM8703564_Tumor20	M1_spatial_concat_kmeans	log1p_hvg	K4	4	37	success	0.106563	0.106563	258.547		2026-04-22T04:17:55Z	2026-04-22T04:17:56Z	local-macbook-air-8gb-smoketest	python-smoketest	
GSE280318	GSM8703564_Tumor20	M1_spatial_concat_kmeans	log1p_hvg	K6	6	11	success	0.114763	0.114763	256.41		2026-04-22T04:17:56Z	2026-04-22T04:17:56Z	local-macbook-air-8gb-smoketest	python-smoketest	
GSE280318	GSM8703564_Tumor20	M1_spatial_concat_kmeans	log1p_hvg	K6	6	23	success	0.159496	0.159496	278.637		2026-04-22T04:17:56Z	2026-04-22T04:17:56Z	local-macbook-air-8gb-smoketest	python-smoketest	
GSE280318	GSM8703564_Tumor20	M1_spatial_concat_kmeans	log1p_hvg	K6	6	37	success	0.134229	0.134229	275.844		2026-04-22T04:17:56Z	2026-04-22T04:17:56Z	local-macbook-air-8gb-smoketest	python-smoketest	
GSE280318	GSM8703564_Tumor20	M3_spatial_leiden	log1p_hvg	K4	4	11	success	0.137031	0.137031	232.23		2026-04-22T04:17:58Z	2026-04-22T04:17:59Z	local-macbook-air-8gb-smoketest	python-smoketest	leiden_res=0.08409;k_observed=4;exact_k=1;res_seed=11
GSE280318	GSM8703564_Tumor20	M3_spatial_leiden	log1p_hvg	K4	4	23	success	0.13123	0.13123	295.781		2026-04-22T04:17:59Z	2026-04-22T04:17:59Z	local-macbook-air-8gb-smoketest	python-smoketest	leiden_res=0.08409;k_observed=4;exact_k=1;res_seed=11
GSE280318	GSM8703564_Tumor20	M3_spatial_leiden	log1p_hvg	K4	4	37	success	0.135168	0.135168	284.23		2026-04-22T04:17:59Z	2026-04-22T04:17:59Z	local-macbook-air-8gb-smoketest	python-smoketest	leiden_res=0.08409;k_observed=4;exact_k=1;res_seed=11
GSE280318	GSM8703564_Tumor20	M3_spatial_leiden	log1p_hvg	K6	6	11	success	0.138143	0.138143	284.402		2026-04-22T04:18:01Z	2026-04-22T04:18:01Z	local-macbook-air-8gb-smoketest	python-smoketest	leiden_res=0.1542;k_observed=6;exact_k=1;res_seed=11
GSE280318	GSM8703564_Tumor20	M3_spatial_leiden	log1p_hvg	K6	6	23	success	0.148795	0.148795	319.844		2026-04-22T04:18:01Z	2026-04-22T04:18:01Z	local-macbook-air-8gb-smoketest	python-smoketest	leiden_res=0.1542;k_observed=6;exact_k=1;res_seed=11
GSE280318	GSM8703564_Tumor20	M3_spatial_leiden	log1p_hvg	K6	6	37	success	0.136065	0.136065	322.008		2026-04-22T04:18:02Z	2026-04-22T04:18:02Z	local-macbook-air-8gb-smoketest	python-smoketest	leiden_res=0.1542;k_observed=6;exact_k=1;res_seed=11
GSE280318	GSM8703565_Tumor24	M0_expr_kmeans	log1p_hvg	K4	4	11	success	0.157256	0.157256	295.746		2026-04-22T04:18:06Z	2026-04-22T04:18:06Z	local-macbook-air-8gb-smoketest	python-smoketest	
GSE280318	GSM8703565_Tumor24	M0_expr_kmeans	log1p_hvg	K4	4	23	success	1.029208	1.029208	392.727		2026-04-22T04:18:06Z	2026-04-22T04:18:07Z	local-macbook-air-8gb-smoketest	python-smoketest	
GSE280318	GSM8703565_Tumor24	M0_expr_kmeans	log1p_hvg	K4	4	37	success	0.323759	0.323759	377.094		2026-04-22T04:18:07Z	2026-04-22T04:18:07Z	local-macbook-air-8gb-smoketest	python-smoketest	
GSE280318	GSM8703565_Tumor24	M0_expr_kmeans	log1p_hvg	K6	6	11	success	0.210818	0.210818	355.402		2026-04-22T04:18:08Z	2026-04-22T04:18:08Z	local-macbook-air-8gb-smoketest	python-smoketest	
GSE280318	GSM8703565_Tumor24	M0_expr_kmeans	log1p_hvg	K6	6	23	success	0.155732	0.155732	331.992		2026-04-22T04:18:08Z	2026-04-22T04:18:08Z	local-macbook-air-8gb-smoketest	python-smoketest	
GSE280318	GSM8703565_Tumor24	M0_expr_kmeans	log1p_hvg	K6	6	37	success	0.15276	0.15276	331.992		2026-04-22T04:18:08Z	2026-04-22T04:18:09Z	local-macbook-air-8gb-smoketest	python-smoketest	
GSE280318	GSM8703565_Tumor24	M1_spatial_concat_kmeans	log1p_hvg	K4	4	11	success	0.109504	0.109504	307.07		2026-04-22T04:18:09Z	2026-04-22T04:18:09Z	local-macbook-air-8gb-smoketest	python-smoketest	
GSE280318	GSM8703565_Tumor24	M1_spatial_concat_kmeans	log1p_hvg	K4	4	23	success	0.225684	0.225684	315.531		2026-04-22T04:18:09Z	2026-04-22T04:18:09Z	local-macbook-air-8gb-smoketest	python-smoketest	
GSE280318	GSM8703565_Tumor24	M1_spatial_concat_kmeans	log1p_hvg	K4	4	37	success	0.105303	0.105303	304.953		2026-04-22T04:18:10Z	2026-04-22T04:18:10Z	local-macbook-air-8gb-smoketest	python-smoketest	
GSE280318	GSM8703565_Tumor24	M1_spatial_concat_kmeans	log1p_hvg	K6	6	11	success	0.143092	0.143092	304.953		2026-04-22T04:18:10Z	2026-04-22T04:18:10Z	local-macbook-air-8gb-smoketest	python-smoketest	
GSE280318	GSM8703565_Tumor24	M1_spatial_concat_kmeans	log1p_hvg	K6	6	23	success	0.152538	0.152538	332.594		2026-04-22T04:18:10Z	2026-04-22T04:18:10Z	local-macbook-air-8gb-smoketest	python-smoketest	
GSE280318	GSM8703565_Tumor24	M1_spatial_concat_kmeans	log1p_hvg	K6	6	37	success	0.162448	0.162448	309.363		2026-04-22T04:18:10Z	2026-04-22T04:18:11Z	local-macbook-air-8gb-smoketest	python-smoketest	
GSE280318	GSM8703565_Tumor24	M3_spatial_leiden	log1p_hvg	K4	4	11	success	0.19428	0.19428	244.781		2026-04-22T04:18:14Z	2026-04-22T04:18:14Z	local-macbook-air-8gb-smoketest	python-smoketest	leiden_res=0.08409;k_observed=4;exact_k=1;res_seed=11
GSE280318	GSM8703565_Tumor24	M3_spatial_leiden	log1p_hvg	K4	4	23	success	0.194105	0.194105	339.422		2026-04-22T04:18:14Z	2026-04-22T04:18:14Z	local-macbook-air-8gb-smoketest	python-smoketest	leiden_res=0.08409;k_observed=4;exact_k=1;res_seed=11
GSE280318	GSM8703565_Tumor24	M3_spatial_leiden	log1p_hvg	K4	4	37	success	0.191317	0.191317	303.938		2026-04-22T04:18:14Z	2026-04-22T04:18:14Z	local-macbook-air-8gb-smoketest	python-smoketest	leiden_res=0.08409;k_observed=4;exact_k=1;res_seed=11
GSE280318	GSM8703565_Tumor24	M3_spatial_leiden	log1p_hvg	K6	6	11	success	0.215985	0.215985	304.078		2026-04-22T04:18:16Z	2026-04-22T04:18:16Z	local-macbook-air-8gb-smoketest	python-smoketest	leiden_res=0.2;k_observed=6;exact_k=1;res_seed=11
GSE280318	GSM8703565_Tumor24	M3_spatial_leiden	log1p_hvg	K6	6	23	failed	0.220395	0.220395	288.004		2026-04-22T04:18:16Z	2026-04-22T04:18:16Z	local-macbook-air-8gb-smoketest	python-smoketest	leiden_res=0.2;k_observed=6;exact_k=1;res_seed=11
GSE280318	GSM8703565_Tumor24	M3_spatial_leiden	log1p_hvg	K6	6	37	failed	0.309976	0.309976	325.875		2026-04-22T04:18:16Z	2026-04-22T04:18:17Z	local-macbook-air-8gb-smoketest	python-smoketest	leiden_res=0.2;k_observed=6;exact_k=1;res_seed=11
GSE280318	GSM8703566_Tumor26	M0_expr_kmeans	log1p_hvg	K4	4	11	success	0.151961	0.151961	176.359		2026-04-22T04:18:20Z	2026-04-22T04:18:20Z	local-macbook-air-8gb-smoketest	python-smoketest	
GSE280318	GSM8703566_Tumor26	M0_expr_kmeans	log1p_hvg	K4	4	23	success	0.290704	0.290704	242.359		2026-04-22T04:18:20Z	2026-04-22T04:18:21Z	local-macbook-air-8gb-smoketest	python-smoketest	
GSE280318	GSM8703566_Tumor26	M0_expr_kmeans	log1p_hvg	K4	4	37	success	0.13598	0.13598	271.898		2026-04-22T04:18:21Z	2026-04-22T04:18:21Z	local-macbook-air-8gb-smoketest	python-smoketest	
GSE280318	GSM8703566_Tumor26	M0_expr_kmeans	log1p_hvg	K6	6	11	success	0.139873	0.139873	271.898		2026-04-22T04:18:21Z	2026-04-22T04:18:21Z	local-macbook-air-8gb-smoketest	python-smoketest	
GSE280318	GSM8703566_Tumor26	M0_expr_kmeans	log1p_hvg	K6	6	23	success	0.14837	0.14837	253.434		2026-04-22T04:18:21Z	2026-04-22T04:18:22Z	local-macbook-air-8gb-smoketest	python-smoketest	
GSE280318	GSM8703566_Tumor26	M0_expr_kmeans	log1p_hvg	K6	6	37	success	0.13493	0.13493	258.145		2026-04-22T04:18:22Z	2026-04-22T04:18:22Z	local-macbook-air-8gb-smoketest	python-smoketest	
GSE280318	GSM8703566_Tumor26	M1_spatial_concat_kmeans	log1p_hvg	K4	4	11	success	0.120726	0.120726	232.621		2026-04-22T04:18:22Z	2026-04-22T04:18:22Z	local-macbook-air-8gb-smoketest	python-smoketest	
GSE280318	GSM8703566_Tumor26	M1_spatial_concat_kmeans	log1p_hvg	K4	4	23	success	0.171165	0.171165	236.68		2026-04-22T04:18:22Z	2026-04-22T04:18:22Z	local-macbook-air-8gb-smoketest	python-smoketest	
GSE280318	GSM8703566_Tumor26	M1_spatial_concat_kmeans	log1p_hvg	K4	4	37	success	0.134024	0.134024	236.68		2026-04-22T04:18:23Z	2026-04-22T04:18:23Z	local-macbook-air-8gb-smoketest	python-smoketest	
GSE280318	GSM8703566_Tumor26	M1_spatial_concat_kmeans	log1p_hvg	K6	6	11	success	0.130876	0.130876	236.684		2026-04-22T04:18:23Z	2026-04-22T04:18:23Z	local-macbook-air-8gb-smoketest	python-smoketest	
GSE280318	GSM8703566_Tumor26	M1_spatial_concat_kmeans	log1p_hvg	K6	6	23	success	0.133253	0.133253	255.027		2026-04-22T04:18:23Z	2026-04-22T04:18:23Z	local-macbook-air-8gb-smoketest	python-smoketest	
GSE280318	GSM8703566_Tumor26	M1_spatial_concat_kmeans	log1p_hvg	K6	6	37	success	0.113395	0.113395	237.453		2026-04-22T04:18:23Z	2026-04-22T04:18:24Z	local-macbook-air-8gb-smoketest	python-smoketest	
GSE280318	GSM8703566_Tumor26	M3_spatial_leiden	log1p_hvg	K4	4	11	success	0.188858	0.188858	175.25		2026-04-22T04:18:26Z	2026-04-22T04:18:26Z	local-macbook-air-8gb-smoketest	python-smoketest	leiden_res=0.07071;k_observed=4;exact_k=1;res_seed=11
GSE280318	GSM8703566_Tumor26	M3_spatial_leiden	log1p_hvg	K4	4	23	success	0.176611	0.176611	264.801		2026-04-22T04:18:27Z	2026-04-22T04:18:27Z	local-macbook-air-8gb-smoketest	python-smoketest	leiden_res=0.07071;k_observed=4;exact_k=1;res_seed=11
GSE280318	GSM8703566_Tumor26	M3_spatial_leiden	log1p_hvg	K4	4	37	failed	0.184867	0.184867	210.262		2026-04-22T04:18:27Z	2026-04-22T04:18:27Z	local-macbook-air-8gb-smoketest	python-smoketest	leiden_res=0.07071;k_observed=4;exact_k=1;res_seed=11
GSE280318	GSM8703566_Tumor26	M3_spatial_leiden	log1p_hvg	K6	6	11	success	0.189051	0.189051	176.531		2026-04-22T04:18:45Z	2026-04-22T04:18:45Z	local-macbook-air-8gb-smoketest	python-smoketest	leiden_res=0.08409;k_observed=5;exact_k=0;res_seed=11
GSE280318	GSM8703566_Tumor26	M3_spatial_leiden	log1p_hvg	K6	6	23	success	0.190209	0.190209	289.09		2026-04-22T04:18:45Z	2026-04-22T04:18:45Z	local-macbook-air-8gb-smoketest	python-smoketest	leiden_res=0.08409;k_observed=5;exact_k=0;res_seed=11
GSE280318	GSM8703566_Tumor26	M3_spatial_leiden	log1p_hvg	K6	6	37	success	0.181948	0.181948	231.273		2026-04-22T04:18:45Z	2026-04-22T04:18:46Z	local-macbook-air-8gb-smoketest	python-smoketest	leiden_res=0.08409;k_observed=5;exact_k=0;res_seed=11
GSE311294	GSM9322957_TR11_206	M0_expr_kmeans	log1p_hvg	K4	4	11	success	0.172307	0.172307	541.469		2026-04-22T04:19:00Z	2026-04-22T04:19:01Z	local-macbook-air-8gb-smoketest	python-smoketest	
GSE311294	GSM9322957_TR11_206	M0_expr_kmeans	log1p_hvg	K4	4	23	success	0.108424	0.108424	318.938		2026-04-22T04:19:01Z	2026-04-22T04:19:01Z	local-macbook-air-8gb-smoketest	python-smoketest	
GSE311294	GSM9322957_TR11_206	M0_expr_kmeans	log1p_hvg	K4	4	37	success	0.094403	0.094403	318.953		2026-04-22T04:19:01Z	2026-04-22T04:19:01Z	local-macbook-air-8gb-smoketest	python-smoketest	
GSE311294	GSM9322957_TR11_206	M0_expr_kmeans	log1p_hvg	K6	6	11	success	0.151102	0.151102	324.43		2026-04-22T04:19:01Z	2026-04-22T04:19:02Z	local-macbook-air-8gb-smoketest	python-smoketest	
GSE311294	GSM9322957_TR11_206	M0_expr_kmeans	log1p_hvg	K6	6	23	success	0.153794	0.153794	324.438		2026-04-22T04:19:02Z	2026-04-22T04:19:02Z	local-macbook-air-8gb-smoketest	python-smoketest	
GSE311294	GSM9322957_TR11_206	M0_expr_kmeans	log1p_hvg	K6	6	37	success	0.151704	0.151704	324.449		2026-04-22T04:19:02Z	2026-04-22T04:19:02Z	local-macbook-air-8gb-smoketest	python-smoketest	
GSE311294	GSM9322957_TR11_206	M1_spatial_concat_kmeans	log1p_hvg	K4	4	11	success	0.074041	0.074041	291.547		2026-04-22T04:19:02Z	2026-04-22T04:19:03Z	local-macbook-air-8gb-smoketest	python-smoketest	
GSE311294	GSM9322957_TR11_206	M1_spatial_concat_kmeans	log1p_hvg	K4	4	23	success	0.072265	0.072265	320.891		2026-04-22T04:19:03Z	2026-04-22T04:19:03Z	local-macbook-air-8gb-smoketest	python-smoketest	
GSE311294	GSM9322957_TR11_206	M1_spatial_concat_kmeans	log1p_hvg	K4	4	37	success	0.07298	0.07298	320.895		2026-04-22T04:19:03Z	2026-04-22T04:19:03Z	local-macbook-air-8gb-smoketest	python-smoketest	
GSE311294	GSM9322957_TR11_206	M1_spatial_concat_kmeans	log1p_hvg	K6	6	11	success	0.124854	0.124854	320.949		2026-04-22T04:19:03Z	2026-04-22T04:19:03Z	local-macbook-air-8gb-smoketest	python-smoketest	
GSE311294	GSM9322957_TR11_206	M1_spatial_concat_kmeans	log1p_hvg	K6	6	23	success	0.129558	0.129558	320.949		2026-04-22T04:19:03Z	2026-04-22T04:19:04Z	local-macbook-air-8gb-smoketest	python-smoketest	
GSE311294	GSM9322957_TR11_206	M1_spatial_concat_kmeans	log1p_hvg	K6	6	37	success	0.147912	0.147912	320.949		2026-04-22T04:19:04Z	2026-04-22T04:19:04Z	local-macbook-air-8gb-smoketest	python-smoketest	
GSE311294	GSM9322957_TR11_206	M3_spatial_leiden	log1p_hvg	K4	4	11	success	0.187418	0.187418	328.832		2026-04-22T04:19:08Z	2026-04-22T04:19:08Z	local-macbook-air-8gb-smoketest	python-smoketest	
GSE311294	GSM9322957_TR11_206	M3_spatial_leiden	log1p_hvg	K4	4	23	success	0.192973	0.192973	429.445		2026-04-22T04:19:09Z	2026-04-22T04:19:09Z	local-macbook-air-8gb-smoketest	python-smoketest	
GSE311294	GSM9322957_TR11_206	M3_spatial_leiden	log1p_hvg	K4	4	37	failed	0.198214	0.198214	416.035		2026-04-22T04:19:09Z	2026-04-22T04:19:09Z	local-macbook-air-8gb-smoketest	python-smoketest	
GSE311294	GSM9322957_TR11_206	M3_spatial_leiden	log1p_hvg	K6	6	11	success	0.20256	0.20256	329.195		2026-04-22T04:19:12Z	2026-04-22T04:19:12Z	local-macbook-air-8gb-smoketest	python-smoketest	
GSE311294	GSM9322957_TR11_206	M3_spatial_leiden	log1p_hvg	K6	6	23	success	0.202775	0.202775	477.145		2026-04-22T04:19:12Z	2026-04-22T04:19:12Z	local-macbook-air-8gb-smoketest	python-smoketest	
GSE311294	GSM9322957_TR11_206	M3_spatial_leiden	log1p_hvg	K6	6	37	success	0.193136	0.193136	421.668		2026-04-22T04:19:13Z	2026-04-22T04:19:13Z	local-macbook-air-8gb-smoketest	python-smoketest	
GSE267401	GSM8265211_CTC21P	M0_expr_kmeans	log1p_hvg	K4	4	11	success	0.227293	0.227293	470.223		2026-04-22T04:19:35Z	2026-04-22T04:19:35Z	local-macbook-air-8gb-smoketest	python-smoketest	
GSE267401	GSM8265211_CTC21P	M0_expr_kmeans	log1p_hvg	K4	4	23	success	0.118144	0.118144	497.316		2026-04-22T04:19:35Z	2026-04-22T04:19:35Z	local-macbook-air-8gb-smoketest	python-smoketest	
GSE267401	GSM8265211_CTC21P	M0_expr_kmeans	log1p_hvg	K4	4	37	success	0.102707	0.102707	497.371		2026-04-22T04:19:35Z	2026-04-22T04:19:36Z	local-macbook-air-8gb-smoketest	python-smoketest	
GSE267401	GSM8265211_CTC21P	M0_expr_kmeans	log1p_hvg	K6	6	11	success	0.165372	0.165372	497.547		2026-04-22T04:19:36Z	2026-04-22T04:19:36Z	local-macbook-air-8gb-smoketest	python-smoketest	
GSE267401	GSM8265211_CTC21P	M0_expr_kmeans	log1p_hvg	K6	6	23	success	0.197161	0.197161	497.695		2026-04-22T04:19:36Z	2026-04-22T04:19:36Z	local-macbook-air-8gb-smoketest	python-smoketest	
GSE267401	GSM8265211_CTC21P	M0_expr_kmeans	log1p_hvg	K6	6	37	success	0.167327	0.167327	497.699		2026-04-22T04:19:37Z	2026-04-22T04:19:37Z	local-macbook-air-8gb-smoketest	python-smoketest	
GSE267401	GSM8265211_CTC21P	M1_spatial_concat_kmeans	log1p_hvg	K4	4	11	success	0.149562	0.149562	436.285		2026-04-22T04:19:37Z	2026-04-22T04:19:37Z	local-macbook-air-8gb-smoketest	python-smoketest	
GSE267401	GSM8265211_CTC21P	M1_spatial_concat_kmeans	log1p_hvg	K4	4	23	success	0.171107	0.171107	509.23		2026-04-22T04:19:37Z	2026-04-22T04:19:38Z	local-macbook-air-8gb-smoketest	python-smoketest	
GSE267401	GSM8265211_CTC21P	M1_spatial_concat_kmeans	log1p_hvg	K4	4	37	success	0.097533	0.097533	489.188		2026-04-22T04:19:38Z	2026-04-22T04:19:38Z	local-macbook-air-8gb-smoketest	python-smoketest	
GSE267401	GSM8265211_CTC21P	M1_spatial_concat_kmeans	log1p_hvg	K6	6	11	success	0.138497	0.138497	483.137		2026-04-22T04:19:38Z	2026-04-22T04:19:38Z	local-macbook-air-8gb-smoketest	python-smoketest	
GSE267401	GSM8265211_CTC21P	M1_spatial_concat_kmeans	log1p_hvg	K6	6	23	success	0.180493	0.180493	552.711		2026-04-22T04:19:39Z	2026-04-22T04:19:39Z	local-macbook-air-8gb-smoketest	python-smoketest	
GSE267401	GSM8265211_CTC21P	M1_spatial_concat_kmeans	log1p_hvg	K6	6	37	success	0.187729	0.187729	491.34		2026-04-22T04:19:39Z	2026-04-22T04:19:39Z	local-macbook-air-8gb-smoketest	python-smoketest	
GSE267401	GSM8265211_CTC21P	M3_spatial_leiden	log1p_hvg	K4	4	11	success	0.249406	0.249406	466.246		2026-04-22T04:19:42Z	2026-04-22T04:19:42Z	local-macbook-air-8gb-smoketest	python-smoketest	
GSE267401	GSM8265211_CTC21P	M3_spatial_leiden	log1p_hvg	K4	4	23	failed	0.269835	0.269835	466.398		2026-04-22T04:19:42Z	2026-04-22T04:19:42Z	local-macbook-air-8gb-smoketest	python-smoketest	
GSE267401	GSM8265211_CTC21P	M3_spatial_leiden	log1p_hvg	K4	4	37	success	0.253266	0.253266	466.543		2026-04-22T04:19:43Z	2026-04-22T04:19:43Z	local-macbook-air-8gb-smoketest	python-smoketest	
GSE267401	GSM8265211_CTC21P	M3_spatial_leiden	log1p_hvg	K6	6	11	success	0.24229	0.24229	467.008		2026-04-22T04:19:47Z	2026-04-22T04:19:47Z	local-macbook-air-8gb-smoketest	python-smoketest	
GSE267401	GSM8265211_CTC21P	M3_spatial_leiden	log1p_hvg	K6	6	23	failed	0.269138	0.269138	467.051		2026-04-22T04:19:47Z	2026-04-22T04:19:47Z	local-macbook-air-8gb-smoketest	python-smoketest	
GSE267401	GSM8265211_CTC21P	M3_spatial_leiden	log1p_hvg	K6	6	37	failed	0.429689	0.429689	467.102		2026-04-22T04:19:48Z	2026-04-22T04:19:48Z	local-macbook-air-8gb-smoketest	python-smoketest	
GSE311294	GSM9322957_TR11_206	M0_expr_kmeans	log1p_hvg	K4	4	11	success	0.158173	0.158173	619.512		2026-04-22T04:20:04Z	2026-04-22T04:20:04Z	local-macbook-air-8gb-smoketest	python-smoketest	
GSE311294	GSM9322957_TR11_206	M0_expr_kmeans	log1p_hvg	K4	4	23	success	0.077513	0.077513	396.664		2026-04-22T04:20:04Z	2026-04-22T04:20:04Z	local-macbook-air-8gb-smoketest	python-smoketest	
GSE311294	GSM9322957_TR11_206	M0_expr_kmeans	log1p_hvg	K4	4	37	success	0.086471	0.086471	396.668		2026-04-22T04:20:04Z	2026-04-22T04:20:04Z	local-macbook-air-8gb-smoketest	python-smoketest	
GSE311294	GSM9322957_TR11_206	M0_expr_kmeans	log1p_hvg	K6	6	11	success	0.136269	0.136269	401.031		2026-04-22T04:20:05Z	2026-04-22T04:20:05Z	local-macbook-air-8gb-smoketest	python-smoketest	
GSE311294	GSM9322957_TR11_206	M0_expr_kmeans	log1p_hvg	K6	6	23	success	0.158687	0.158687	401.031		2026-04-22T04:20:05Z	2026-04-22T04:20:05Z	local-macbook-air-8gb-smoketest	python-smoketest	
GSE311294	GSM9322957_TR11_206	M0_expr_kmeans	log1p_hvg	K6	6	37	success	0.145563	0.145563	401.035		2026-04-22T04:20:05Z	2026-04-22T04:20:05Z	local-macbook-air-8gb-smoketest	python-smoketest	
GSE311294	GSM9322957_TR11_206	M1_spatial_concat_kmeans	log1p_hvg	K4	4	11	success	0.07521	0.07521	368.031		2026-04-22T04:20:06Z	2026-04-22T04:20:06Z	local-macbook-air-8gb-smoketest	python-smoketest	
GSE311294	GSM9322957_TR11_206	M1_spatial_concat_kmeans	log1p_hvg	K4	4	23	success	0.102414	0.102414	397.375		2026-04-22T04:20:06Z	2026-04-22T04:20:06Z	local-macbook-air-8gb-smoketest	python-smoketest	
GSE311294	GSM9322957_TR11_206	M1_spatial_concat_kmeans	log1p_hvg	K4	4	37	success	0.07942	0.07942	397.379		2026-04-22T04:20:06Z	2026-04-22T04:20:06Z	local-macbook-air-8gb-smoketest	python-smoketest	
GSE311294	GSM9322957_TR11_206	M1_spatial_concat_kmeans	log1p_hvg	K6	6	11	success	0.257897	0.257897	397.449		2026-04-22T04:20:06Z	2026-04-22T04:20:06Z	local-macbook-air-8gb-smoketest	python-smoketest	
GSE311294	GSM9322957_TR11_206	M1_spatial_concat_kmeans	log1p_hvg	K6	6	23	success	0.127167	0.127167	397.449		2026-04-22T04:20:07Z	2026-04-22T04:20:07Z	local-macbook-air-8gb-smoketest	python-smoketest	
GSE311294	GSM9322957_TR11_206	M1_spatial_concat_kmeans	log1p_hvg	K6	6	37	success	0.146394	0.146394	397.453		2026-04-22T04:20:07Z	2026-04-22T04:20:07Z	local-macbook-air-8gb-smoketest	python-smoketest	
GSE311294	GSM9322957_TR11_206	M3_spatial_leiden	log1p_hvg	K4	4	11	success	0.193481	0.193481	343.898		2026-04-22T04:20:10Z	2026-04-22T04:20:11Z	local-macbook-air-8gb-smoketest	python-smoketest	
GSE311294	GSM9322957_TR11_206	M3_spatial_leiden	log1p_hvg	K4	4	23	success	0.196264	0.196264	445.102		2026-04-22T04:20:11Z	2026-04-22T04:20:11Z	local-macbook-air-8gb-smoketest	python-smoketest	
GSE311294	GSM9322957_TR11_206	M3_spatial_leiden	log1p_hvg	K4	4	37	failed	0.188285	0.188285	431.547		2026-04-22T04:20:11Z	2026-04-22T04:20:11Z	local-macbook-air-8gb-smoketest	python-smoketest	
GSE311294	GSM9322957_TR11_206	M3_spatial_leiden	log1p_hvg	K6	6	11	success	0.196434	0.196434	345.348		2026-04-22T04:20:14Z	2026-04-22T04:20:14Z	local-macbook-air-8gb-smoketest	python-smoketest	
GSE311294	GSM9322957_TR11_206	M3_spatial_leiden	log1p_hvg	K6	6	23	success	0.196124	0.196124	493.344		2026-04-22T04:20:14Z	2026-04-22T04:20:15Z	local-macbook-air-8gb-smoketest	python-smoketest	
GSE311294	GSM9322957_TR11_206	M3_spatial_leiden	log1p_hvg	K6	6	37	success	0.195707	0.195707	437.93		2026-04-22T04:20:15Z	2026-04-22T04:20:15Z	local-macbook-air-8gb-smoketest	python-smoketest	
GSE311294	GSM9322958_TR11_16184	M0_expr_kmeans	log1p_hvg	K4	4	11	success	0.129164	0.129164	398.195		2026-04-22T04:20:21Z	2026-04-22T04:20:21Z	local-macbook-air-8gb-smoketest	python-smoketest	
GSE311294	GSM9322958_TR11_16184	M0_expr_kmeans	log1p_hvg	K4	4	23	success	0.135975	0.135975	490.812		2026-04-22T04:20:22Z	2026-04-22T04:20:22Z	local-macbook-air-8gb-smoketest	python-smoketest	
GSE311294	GSM9322958_TR11_16184	M0_expr_kmeans	log1p_hvg	K4	4	37	success	0.103571	0.103571	519.969		2026-04-22T04:20:22Z	2026-04-22T04:20:22Z	local-macbook-air-8gb-smoketest	python-smoketest	
GSE311294	GSM9322958_TR11_16184	M0_expr_kmeans	log1p_hvg	K6	6	11	success	0.180754	0.180754	490.863		2026-04-22T04:20:22Z	2026-04-22T04:20:23Z	local-macbook-air-8gb-smoketest	python-smoketest	
GSE311294	GSM9322958_TR11_16184	M0_expr_kmeans	log1p_hvg	K6	6	23	success	0.155634	0.155634	515.895		2026-04-22T04:20:23Z	2026-04-22T04:20:23Z	local-macbook-air-8gb-smoketest	python-smoketest	
GSE311294	GSM9322958_TR11_16184	M0_expr_kmeans	log1p_hvg	K6	6	37	success	0.161284	0.161284	483.973		2026-04-22T04:20:23Z	2026-04-22T04:20:23Z	local-macbook-air-8gb-smoketest	python-smoketest	
GSE311294	GSM9322958_TR11_16184	M1_spatial_concat_kmeans	log1p_hvg	K4	4	11	success	0.111433	0.111433	429.68		2026-04-22T04:20:24Z	2026-04-22T04:20:24Z	local-macbook-air-8gb-smoketest	python-smoketest	
GSE311294	GSM9322958_TR11_16184	M1_spatial_concat_kmeans	log1p_hvg	K4	4	23	success	0.126136	0.126136	490.008		2026-04-22T04:20:24Z	2026-04-22T04:20:24Z	local-macbook-air-8gb-smoketest	python-smoketest	
GSE311294	GSM9322958_TR11_16184	M1_spatial_concat_kmeans	log1p_hvg	K4	4	37	success	0.120063	0.120063	475.344		2026-04-22T04:20:24Z	2026-04-22T04:20:24Z	local-macbook-air-8gb-smoketest	python-smoketest	
GSE311294	GSM9322958_TR11_16184	M1_spatial_concat_kmeans	log1p_hvg	K6	6	11	success	0.182286	0.182286	427.516		2026-04-22T04:20:25Z	2026-04-22T04:20:25Z	local-macbook-air-8gb-smoketest	python-smoketest	
GSE311294	GSM9322958_TR11_16184	M1_spatial_concat_kmeans	log1p_hvg	K6	6	23	success	0.175685	0.175685	484.301		2026-04-22T04:20:25Z	2026-04-22T04:20:25Z	local-macbook-air-8gb-smoketest	python-smoketest	
GSE311294	GSM9322958_TR11_16184	M1_spatial_concat_kmeans	log1p_hvg	K6	6	37	success	0.335267	0.335267	490.016		2026-04-22T04:20:26Z	2026-04-22T04:20:26Z	local-macbook-air-8gb-smoketest	python-smoketest	
GSE311294	GSM9322958_TR11_16184	M3_spatial_leiden	log1p_hvg	K4	4	11	success	0.281298	0.281298	397.141		2026-04-22T04:20:30Z	2026-04-22T04:20:30Z	local-macbook-air-8gb-smoketest	python-smoketest	
GSE311294	GSM9322958_TR11_16184	M3_spatial_leiden	log1p_hvg	K4	4	23	success	0.27875	0.27875	397.18		2026-04-22T04:20:30Z	2026-04-22T04:20:30Z	local-macbook-air-8gb-smoketest	python-smoketest	
GSE311294	GSM9322958_TR11_16184	M3_spatial_leiden	log1p_hvg	K4	4	37	success	0.328697	0.328697	397.246		2026-04-22T04:20:31Z	2026-04-22T04:20:31Z	local-macbook-air-8gb-smoketest	python-smoketest	
GSE311294	GSM9322958_TR11_16184	M3_spatial_leiden	log1p_hvg	K6	6	11	success	0.296495	0.296495	397.258		2026-04-22T04:20:36Z	2026-04-22T04:20:36Z	local-macbook-air-8gb-smoketest	python-smoketest	
GSE311294	GSM9322958_TR11_16184	M3_spatial_leiden	log1p_hvg	K6	6	23	failed	0.486636	0.486636	397.297		2026-04-22T04:20:37Z	2026-04-22T04:20:37Z	local-macbook-air-8gb-smoketest	python-smoketest	
GSE311294	GSM9322958_TR11_16184	M3_spatial_leiden	log1p_hvg	K6	6	37	failed	0.321734	0.321734	397.363		2026-04-22T04:20:37Z	2026-04-22T04:20:38Z	local-macbook-air-8gb-smoketest	python-smoketest	
GSE311294	GSM9322959_TR11_18105	M0_expr_kmeans	log1p_hvg	K4	4	11	success	0.325652	0.325652	298.941		2026-04-22T04:20:41Z	2026-04-22T04:20:41Z	local-macbook-air-8gb-smoketest	python-smoketest	
GSE311294	GSM9322959_TR11_18105	M0_expr_kmeans	log1p_hvg	K4	4	23	success	0.091706	0.091706	338.551		2026-04-22T04:20:41Z	2026-04-22T04:20:41Z	local-macbook-air-8gb-smoketest	python-smoketest	
GSE311294	GSM9322959_TR11_18105	M0_expr_kmeans	log1p_hvg	K4	4	37	success	0.086019	0.086019	363.891		2026-04-22T04:20:41Z	2026-04-22T04:20:41Z	local-macbook-air-8gb-smoketest	python-smoketest	
GSE311294	GSM9322959_TR11_18105	M0_expr_kmeans	log1p_hvg	K6	6	11	success	0.14117	0.14117	338.219		2026-04-22T04:20:42Z	2026-04-22T04:20:42Z	local-macbook-air-8gb-smoketest	python-smoketest	
GSE311294	GSM9322959_TR11_18105	M0_expr_kmeans	log1p_hvg	K6	6	23	success	0.160204	0.160204	367.242		2026-04-22T04:20:42Z	2026-04-22T04:20:42Z	local-macbook-air-8gb-smoketest	python-smoketest	
GSE311294	GSM9322959_TR11_18105	M0_expr_kmeans	log1p_hvg	K6	6	37	success	0.149681	0.149681	367.25		2026-04-22T04:20:42Z	2026-04-22T04:20:42Z	local-macbook-air-8gb-smoketest	python-smoketest	
GSE311294	GSM9322959_TR11_18105	M1_spatial_concat_kmeans	log1p_hvg	K4	4	11	success	0.098997	0.098997	368.195		2026-04-22T04:20:43Z	2026-04-22T04:20:43Z	local-macbook-air-8gb-smoketest	python-smoketest	
GSE311294	GSM9322959_TR11_18105	M1_spatial_concat_kmeans	log1p_hvg	K4	4	23	success	0.11896	0.11896	368.195		2026-04-22T04:20:43Z	2026-04-22T04:20:43Z	local-macbook-air-8gb-smoketest	python-smoketest	
GSE311294	GSM9322959_TR11_18105	M1_spatial_concat_kmeans	log1p_hvg	K4	4	37	success	0.118712	0.118712	368.195		2026-04-22T04:20:43Z	2026-04-22T04:20:43Z	local-macbook-air-8gb-smoketest	python-smoketest	
GSE311294	GSM9322959_TR11_18105	M1_spatial_concat_kmeans	log1p_hvg	K6	6	11	success	0.193161	0.193161	368.195		2026-04-22T04:20:43Z	2026-04-22T04:20:44Z	local-macbook-air-8gb-smoketest	python-smoketest	
GSE311294	GSM9322959_TR11_18105	M1_spatial_concat_kmeans	log1p_hvg	K6	6	23	success	0.217785	0.217785	368.195		2026-04-22T04:20:44Z	2026-04-22T04:20:44Z	local-macbook-air-8gb-smoketest	python-smoketest	
GSE311294	GSM9322959_TR11_18105	M1_spatial_concat_kmeans	log1p_hvg	K6	6	37	success	0.139988	0.139988	368.195		2026-04-22T04:20:44Z	2026-04-22T04:20:44Z	local-macbook-air-8gb-smoketest	python-smoketest	
GSE311294	GSM9322959_TR11_18105	M3_spatial_leiden	log1p_hvg	K4	4	11	success	0.188798	0.188798	301.238		2026-04-22T04:20:47Z	2026-04-22T04:20:47Z	local-macbook-air-8gb-smoketest	python-smoketest	
GSE311294	GSM9322959_TR11_18105	M3_spatial_leiden	log1p_hvg	K4	4	23	success	0.181606	0.181606	390.043		2026-04-22T04:20:47Z	2026-04-22T04:20:47Z	local-macbook-air-8gb-smoketest	python-smoketest	
GSE311294	GSM9322959_TR11_18105	M3_spatial_leiden	log1p_hvg	K4	4	37	success	0.191883	0.191883	386.648		2026-04-22T04:20:47Z	2026-04-22T04:20:48Z	local-macbook-air-8gb-smoketest	python-smoketest	
GSE311294	GSM9322959_TR11_18105	M3_spatial_leiden	log1p_hvg	K6	6	11	success	0.186731	0.186731	335.656		2026-04-22T04:20:50Z	2026-04-22T04:20:50Z	local-macbook-air-8gb-smoketest	python-smoketest	
GSE311294	GSM9322959_TR11_18105	M3_spatial_leiden	log1p_hvg	K6	6	23	failed	0.191194	0.191194	388.18		2026-04-22T04:20:51Z	2026-04-22T04:20:51Z	local-macbook-air-8gb-smoketest	python-smoketest	
GSE311294	GSM9322959_TR11_18105	M3_spatial_leiden	log1p_hvg	K6	6	37	failed	0.21153	0.21153	387.578		2026-04-22T04:20:51Z	2026-04-22T04:20:51Z	local-macbook-air-8gb-smoketest	python-smoketest	
GSE311294	GSM9322960_TR11_21723	M0_expr_kmeans	log1p_hvg	K4	4	11	success	0.128334	0.128334	335.332		2026-04-22T04:20:55Z	2026-04-22T04:20:55Z	local-macbook-air-8gb-smoketest	python-smoketest	
GSE311294	GSM9322960_TR11_21723	M0_expr_kmeans	log1p_hvg	K4	4	23	success	0.107213	0.107213	419.223		2026-04-22T04:20:55Z	2026-04-22T04:20:55Z	local-macbook-air-8gb-smoketest	python-smoketest	
GSE311294	GSM9322960_TR11_21723	M0_expr_kmeans	log1p_hvg	K4	4	37	success	0.115513	0.115513	419.223		2026-04-22T04:20:55Z	2026-04-22T04:20:55Z	local-macbook-air-8gb-smoketest	python-smoketest	
GSE311294	GSM9322960_TR11_21723	M0_expr_kmeans	log1p_hvg	K6	6	11	success	0.195205	0.195205	408.293		2026-04-22T04:20:56Z	2026-04-22T04:20:56Z	local-macbook-air-8gb-smoketest	python-smoketest	
GSE311294	GSM9322960_TR11_21723	M0_expr_kmeans	log1p_hvg	K6	6	23	success	0.151039	0.151039	441.348		2026-04-22T04:20:56Z	2026-04-22T04:20:56Z	local-macbook-air-8gb-smoketest	python-smoketest	
GSE311294	GSM9322960_TR11_21723	M0_expr_kmeans	log1p_hvg	K6	6	37	success	0.163279	0.163279	445.062		2026-04-22T04:20:56Z	2026-04-22T04:20:57Z	local-macbook-air-8gb-smoketest	python-smoketest	
GSE311294	GSM9322960_TR11_21723	M1_spatial_concat_kmeans	log1p_hvg	K4	4	11	success	0.108237	0.108237	366.207		2026-04-22T04:20:57Z	2026-04-22T04:20:57Z	local-macbook-air-8gb-smoketest	python-smoketest	
GSE311294	GSM9322960_TR11_21723	M1_spatial_concat_kmeans	log1p_hvg	K4	4	23	success	0.101992	0.101992	379.625		2026-04-22T04:20:57Z	2026-04-22T04:20:57Z	local-macbook-air-8gb-smoketest	python-smoketest	
GSE311294	GSM9322960_TR11_21723	M1_spatial_concat_kmeans	log1p_hvg	K4	4	37	success	0.116611	0.116611	419.441		2026-04-22T04:20:58Z	2026-04-22T04:20:58Z	local-macbook-air-8gb-smoketest	python-smoketest	
GSE311294	GSM9322960_TR11_21723	M1_spatial_concat_kmeans	log1p_hvg	K6	6	11	success	0.145328	0.145328	364.605		2026-04-22T04:20:58Z	2026-04-22T04:20:58Z	local-macbook-air-8gb-smoketest	python-smoketest	
GSE311294	GSM9322960_TR11_21723	M1_spatial_concat_kmeans	log1p_hvg	K6	6	23	success	0.178352	0.178352	414.438		2026-04-22T04:20:58Z	2026-04-22T04:20:58Z	local-macbook-air-8gb-smoketest	python-smoketest	
GSE311294	GSM9322960_TR11_21723	M1_spatial_concat_kmeans	log1p_hvg	K6	6	37	success	0.147364	0.147364	435.098		2026-04-22T04:20:59Z	2026-04-22T04:20:59Z	local-macbook-air-8gb-smoketest	python-smoketest	
GSE311294	GSM9322960_TR11_21723	M3_spatial_leiden	log1p_hvg	K4	4	11	success	0.226403	0.226403	333.68		2026-04-22T04:21:02Z	2026-04-22T04:21:03Z	local-macbook-air-8gb-smoketest	python-smoketest	
GSE311294	GSM9322960_TR11_21723	M3_spatial_leiden	log1p_hvg	K4	4	23	success	0.25657	0.25657	333.715		2026-04-22T04:21:03Z	2026-04-22T04:21:03Z	local-macbook-air-8gb-smoketest	python-smoketest	
GSE311294	GSM9322960_TR11_21723	M3_spatial_leiden	log1p_hvg	K4	4	37	success	0.246996	0.246996	333.75		2026-04-22T04:21:03Z	2026-04-22T04:21:03Z	local-macbook-air-8gb-smoketest	python-smoketest	
GSE311294	GSM9322960_TR11_21723	M3_spatial_leiden	log1p_hvg	K6	6	11	success	0.237307	0.237307	333.746		2026-04-22T04:21:06Z	2026-04-22T04:21:07Z	local-macbook-air-8gb-smoketest	python-smoketest	
GSE311294	GSM9322960_TR11_21723	M3_spatial_leiden	log1p_hvg	K6	6	23	failed	0.252671	0.252671	333.754		2026-04-22T04:21:07Z	2026-04-22T04:21:07Z	local-macbook-air-8gb-smoketest	python-smoketest	
GSE311294	GSM9322960_TR11_21723	M3_spatial_leiden	log1p_hvg	K6	6	37	success	0.411077	0.411077	333.789		2026-04-22T04:21:07Z	2026-04-22T04:21:08Z	local-macbook-air-8gb-smoketest	python-smoketest	
GSE311294	GSM9322961_TR16_23542	M0_expr_kmeans	log1p_hvg	K4	4	11	success	0.117426	0.117426	277.871		2026-04-22T04:21:10Z	2026-04-22T04:21:11Z	local-macbook-air-8gb-smoketest	python-smoketest	
GSE311294	GSM9322961_TR16_23542	M0_expr_kmeans	log1p_hvg	K4	4	23	success	0.136105	0.136105	397.078		2026-04-22T04:21:11Z	2026-04-22T04:21:11Z	local-macbook-air-8gb-smoketest	python-smoketest	
GSE311294	GSM9322961_TR16_23542	M0_expr_kmeans	log1p_hvg	K4	4	37	success	0.262939	0.262939	374.445		2026-04-22T04:21:11Z	2026-04-22T04:21:11Z	local-macbook-air-8gb-smoketest	python-smoketest	
GSE311294	GSM9322961_TR16_23542	M0_expr_kmeans	log1p_hvg	K6	6	11	success	0.183741	0.183741	374.273		2026-04-22T04:21:12Z	2026-04-22T04:21:12Z	local-macbook-air-8gb-smoketest	python-smoketest	
GSE311294	GSM9322961_TR16_23542	M0_expr_kmeans	log1p_hvg	K6	6	23	success	0.16492	0.16492	387.797		2026-04-22T04:21:12Z	2026-04-22T04:21:12Z	local-macbook-air-8gb-smoketest	python-smoketest	
GSE311294	GSM9322961_TR16_23542	M0_expr_kmeans	log1p_hvg	K6	6	37	success	0.185616	0.185616	387.797		2026-04-22T04:21:12Z	2026-04-22T04:21:12Z	local-macbook-air-8gb-smoketest	python-smoketest	
GSE311294	GSM9322961_TR16_23542	M1_spatial_concat_kmeans	log1p_hvg	K4	4	11	success	0.084568	0.084568	314.293		2026-04-22T04:21:13Z	2026-04-22T04:21:13Z	local-macbook-air-8gb-smoketest	python-smoketest	
GSE311294	GSM9322961_TR16_23542	M1_spatial_concat_kmeans	log1p_hvg	K4	4	23	success	0.091402	0.091402	337.758		2026-04-22T04:21:13Z	2026-04-22T04:21:13Z	local-macbook-air-8gb-smoketest	python-smoketest	
GSE311294	GSM9322961_TR16_23542	M1_spatial_concat_kmeans	log1p_hvg	K4	4	37	success	0.087774	0.087774	324.074		2026-04-22T04:21:13Z	2026-04-22T04:21:13Z	local-macbook-air-8gb-smoketest	python-smoketest	
GSE311294	GSM9322961_TR16_23542	M1_spatial_concat_kmeans	log1p_hvg	K6	6	11	success	0.120674	0.120674	319.883		2026-04-22T04:21:14Z	2026-04-22T04:21:14Z	local-macbook-air-8gb-smoketest	python-smoketest	
GSE311294	GSM9322961_TR16_23542	M1_spatial_concat_kmeans	log1p_hvg	K6	6	23	success	0.173635	0.173635	356.363		2026-04-22T04:21:14Z	2026-04-22T04:21:14Z	local-macbook-air-8gb-smoketest	python-smoketest	
GSE311294	GSM9322961_TR16_23542	M1_spatial_concat_kmeans	log1p_hvg	K6	6	37	success	0.136623	0.136623	349.812		2026-04-22T04:21:14Z	2026-04-22T04:21:14Z	local-macbook-air-8gb-smoketest	python-smoketest	
GSE311294	GSM9322961_TR16_23542	M3_spatial_leiden	log1p_hvg	K4	4	11	success	0.244543	0.244543	275.84		2026-04-22T04:21:16Z	2026-04-22T04:21:16Z	local-macbook-air-8gb-smoketest	python-smoketest	
GSE311294	GSM9322961_TR16_23542	M3_spatial_leiden	log1p_hvg	K4	4	23	success	0.259349	0.259349	275.875		2026-04-22T04:21:16Z	2026-04-22T04:21:16Z	local-macbook-air-8gb-smoketest	python-smoketest	
GSE311294	GSM9322961_TR16_23542	M3_spatial_leiden	log1p_hvg	K4	4	37	success	0.253971	0.253971	275.91		2026-04-22T04:21:16Z	2026-04-22T04:21:17Z	local-macbook-air-8gb-smoketest	python-smoketest	
GSE311294	GSM9322961_TR16_23542	M3_spatial_leiden	log1p_hvg	K6	6	11	success	0.229585	0.229585	275.973		2026-04-22T04:21:18Z	2026-04-22T04:21:18Z	local-macbook-air-8gb-smoketest	python-smoketest	
GSE311294	GSM9322961_TR16_23542	M3_spatial_leiden	log1p_hvg	K6	6	23	success	0.393515	0.393515	276.008		2026-04-22T04:21:18Z	2026-04-22T04:21:19Z	local-macbook-air-8gb-smoketest	python-smoketest	
GSE311294	GSM9322961_TR16_23542	M3_spatial_leiden	log1p_hvg	K6	6	37	success	0.260738	0.260738	276.043		2026-04-22T04:21:19Z	2026-04-22T04:21:19Z	local-macbook-air-8gb-smoketest	python-smoketest	
GSE267401	GSM8265211_CTC21P	M0_expr_kmeans	log1p_hvg	K4	4	11	success	0.21946	0.21946	470.27		2026-04-22T04:21:39Z	2026-04-22T04:21:40Z	local-macbook-air-8gb-smoketest	python-smoketest	
GSE267401	GSM8265211_CTC21P	M0_expr_kmeans	log1p_hvg	K4	4	23	success	0.1279	0.1279	497.363		2026-04-22T04:21:40Z	2026-04-22T04:21:40Z	local-macbook-air-8gb-smoketest	python-smoketest	
GSE267401	GSM8265211_CTC21P	M0_expr_kmeans	log1p_hvg	K4	4	37	success	0.125693	0.125693	497.367		2026-04-22T04:21:40Z	2026-04-22T04:21:40Z	local-macbook-air-8gb-smoketest	python-smoketest	
GSE267401	GSM8265211_CTC21P	M0_expr_kmeans	log1p_hvg	K6	6	11	success	0.187083	0.187083	497.535		2026-04-22T04:21:40Z	2026-04-22T04:21:41Z	local-macbook-air-8gb-smoketest	python-smoketest	
GSE267401	GSM8265211_CTC21P	M0_expr_kmeans	log1p_hvg	K6	6	23	success	0.329091	0.329091	497.656		2026-04-22T04:21:41Z	2026-04-22T04:21:41Z	local-macbook-air-8gb-smoketest	python-smoketest	
GSE267401	GSM8265211_CTC21P	M0_expr_kmeans	log1p_hvg	K6	6	37	success	0.227118	0.227118	497.707		2026-04-22T04:21:41Z	2026-04-22T04:21:41Z	local-macbook-air-8gb-smoketest	python-smoketest	
GSE267401	GSM8265211_CTC21P	M1_spatial_concat_kmeans	log1p_hvg	K4	4	11	success	0.124607	0.124607	436.309		2026-04-22T04:21:42Z	2026-04-22T04:21:42Z	local-macbook-air-8gb-smoketest	python-smoketest	
GSE267401	GSM8265211_CTC21P	M1_spatial_concat_kmeans	log1p_hvg	K4	4	23	success	0.110846	0.110846	509.25		2026-04-22T04:21:42Z	2026-04-22T04:21:42Z	local-macbook-air-8gb-smoketest	python-smoketest	
GSE267401	GSM8265211_CTC21P	M1_spatial_concat_kmeans	log1p_hvg	K4	4	37	success	0.087344	0.087344	489.211		2026-04-22T04:21:42Z	2026-04-22T04:21:42Z	local-macbook-air-8gb-smoketest	python-smoketest	
GSE267401	GSM8265211_CTC21P	M1_spatial_concat_kmeans	log1p_hvg	K6	6	11	success	0.134671	0.134671	483.16		2026-04-22T04:21:43Z	2026-04-22T04:21:43Z	local-macbook-air-8gb-smoketest	python-smoketest	
GSE267401	GSM8265211_CTC21P	M1_spatial_concat_kmeans	log1p_hvg	K6	6	23	success	0.151122	0.151122	552.73		2026-04-22T04:21:43Z	2026-04-22T04:21:43Z	local-macbook-air-8gb-smoketest	python-smoketest	
GSE267401	GSM8265211_CTC21P	M1_spatial_concat_kmeans	log1p_hvg	K6	6	37	success	0.163185	0.163185	491.355		2026-04-22T04:21:43Z	2026-04-22T04:21:44Z	local-macbook-air-8gb-smoketest	python-smoketest	
GSE267401	GSM8265211_CTC21P	M3_spatial_leiden	log1p_hvg	K4	4	11	success	0.250206	0.250206	466.031		2026-04-22T04:21:46Z	2026-04-22T04:21:47Z	local-macbook-air-8gb-smoketest	python-smoketest	
GSE267401	GSM8265211_CTC21P	M3_spatial_leiden	log1p_hvg	K4	4	23	failed	0.266323	0.266323	466.184		2026-04-22T04:21:47Z	2026-04-22T04:21:47Z	local-macbook-air-8gb-smoketest	python-smoketest	
GSE267401	GSM8265211_CTC21P	M3_spatial_leiden	log1p_hvg	K4	4	37	success	0.264864	0.264864	466.227		2026-04-22T04:21:47Z	2026-04-22T04:21:47Z	local-macbook-air-8gb-smoketest	python-smoketest	
GSE267401	GSM8265211_CTC21P	M3_spatial_leiden	log1p_hvg	K6	6	11	success	0.263496	0.263496	466.949		2026-04-22T04:21:51Z	2026-04-22T04:21:52Z	local-macbook-air-8gb-smoketest	python-smoketest	
GSE267401	GSM8265211_CTC21P	M3_spatial_leiden	log1p_hvg	K6	6	23	failed	0.277922	0.277922	466.996		2026-04-22T04:21:52Z	2026-04-22T04:21:52Z	local-macbook-air-8gb-smoketest	python-smoketest	
GSE267401	GSM8265211_CTC21P	M3_spatial_leiden	log1p_hvg	K6	6	37	failed	0.389569	0.389569	467.035		2026-04-22T04:21:52Z	2026-04-22T04:21:53Z	local-macbook-air-8gb-smoketest	python-smoketest	
GSE267401	GSM8265212_CTC21M	M0_expr_kmeans	log1p_hvg	K4	4	11	success	0.141659	0.141659	432.945		2026-04-22T04:22:01Z	2026-04-22T04:22:02Z	local-macbook-air-8gb-smoketest	python-smoketest	
GSE267401	GSM8265212_CTC21M	M0_expr_kmeans	log1p_hvg	K4	4	23	success	0.112427	0.112427	496.461		2026-04-22T04:22:02Z	2026-04-22T04:22:02Z	local-macbook-air-8gb-smoketest	python-smoketest	
GSE267401	GSM8265212_CTC21M	M0_expr_kmeans	log1p_hvg	K4	4	37	success	0.146043	0.146043	501.742		2026-04-22T04:22:02Z	2026-04-22T04:22:02Z	local-macbook-air-8gb-smoketest	python-smoketest	
GSE267401	GSM8265212_CTC21M	M0_expr_kmeans	log1p_hvg	K6	6	11	success	0.140682	0.140682	496.383		2026-04-22T04:22:02Z	2026-04-22T04:22:02Z	local-macbook-air-8gb-smoketest	python-smoketest	
GSE267401	GSM8265212_CTC21M	M0_expr_kmeans	log1p_hvg	K6	6	23	success	0.142987	0.142987	529.039		2026-04-22T04:22:03Z	2026-04-22T04:22:03Z	local-macbook-air-8gb-smoketest	python-smoketest	
GSE267401	GSM8265212_CTC21M	M0_expr_kmeans	log1p_hvg	K6	6	37	success	0.143419	0.143419	529.09		2026-04-22T04:22:03Z	2026-04-22T04:22:03Z	local-macbook-air-8gb-smoketest	python-smoketest	
GSE267401	GSM8265212_CTC21M	M1_spatial_concat_kmeans	log1p_hvg	K4	4	11	success	0.104062	0.104062	504.082		2026-04-22T04:22:03Z	2026-04-22T04:22:03Z	local-macbook-air-8gb-smoketest	python-smoketest	
GSE267401	GSM8265212_CTC21M	M1_spatial_concat_kmeans	log1p_hvg	K4	4	23	success	0.116012	0.116012	505.18		2026-04-22T04:22:03Z	2026-04-22T04:22:04Z	local-macbook-air-8gb-smoketest	python-smoketest	
GSE267401	GSM8265212_CTC21M	M1_spatial_concat_kmeans	log1p_hvg	K4	4	37	success	0.14819	0.14819	490.109		2026-04-22T04:22:04Z	2026-04-22T04:22:04Z	local-macbook-air-8gb-smoketest	python-smoketest	
GSE267401	GSM8265212_CTC21M	M1_spatial_concat_kmeans	log1p_hvg	K6	6	11	success	0.330965	0.330965	490.125		2026-04-22T04:22:04Z	2026-04-22T04:22:04Z	local-macbook-air-8gb-smoketest	python-smoketest	
GSE267401	GSM8265212_CTC21M	M1_spatial_concat_kmeans	log1p_hvg	K6	6	23	success	0.101368	0.101368	550.504		2026-04-22T04:22:05Z	2026-04-22T04:22:05Z	local-macbook-air-8gb-smoketest	python-smoketest	
GSE267401	GSM8265212_CTC21M	M1_spatial_concat_kmeans	log1p_hvg	K6	6	37	success	0.112707	0.112707	525.312		2026-04-22T04:22:05Z	2026-04-22T04:22:05Z	local-macbook-air-8gb-smoketest	python-smoketest	
GSE267401	GSM8265212_CTC21M	M3_spatial_leiden	log1p_hvg	K4	4	11	success	0.221081	0.221081	433.855		2026-04-22T04:22:06Z	2026-04-22T04:22:06Z	local-macbook-air-8gb-smoketest	python-smoketest	
GSE267401	GSM8265212_CTC21M	M3_spatial_leiden	log1p_hvg	K4	4	23	success	0.203992	0.203992	521.965		2026-04-22T04:22:06Z	2026-04-22T04:22:06Z	local-macbook-air-8gb-smoketest	python-smoketest	
GSE267401	GSM8265212_CTC21M	M3_spatial_leiden	log1p_hvg	K4	4	37	success	0.194147	0.194147	493.16		2026-04-22T04:22:06Z	2026-04-22T04:22:06Z	local-macbook-air-8gb-smoketest	python-smoketest	
GSE267401	GSM8265212_CTC21M	M3_spatial_leiden	log1p_hvg	K6	6	11	success	0.19657	0.19657	433.461		2026-04-22T04:22:09Z	2026-04-22T04:22:09Z	local-macbook-air-8gb-smoketest	python-smoketest	
GSE267401	GSM8265212_CTC21M	M3_spatial_leiden	log1p_hvg	K6	6	23	success	0.20389	0.20389	550.977		2026-04-22T04:22:09Z	2026-04-22T04:22:10Z	local-macbook-air-8gb-smoketest	python-smoketest	
GSE267401	GSM8265212_CTC21M	M3_spatial_leiden	log1p_hvg	K6	6	37	success	0.206587	0.206587	501.496		2026-04-22T04:22:10Z	2026-04-22T04:22:10Z	local-macbook-air-8gb-smoketest	python-smoketest	
GSE267401	GSM8265213_CTC17P	M0_expr_kmeans	log1p_hvg	K4	4	11	success	0.125396	0.125396	469.105		2026-04-22T04:22:21Z	2026-04-22T04:22:21Z	local-macbook-air-8gb-smoketest	python-smoketest	
GSE267401	GSM8265213_CTC17P	M0_expr_kmeans	log1p_hvg	K4	4	23	success	0.147694	0.147694	552.785		2026-04-22T04:22:21Z	2026-04-22T04:22:21Z	local-macbook-air-8gb-smoketest	python-smoketest	
GSE267401	GSM8265213_CTC17P	M0_expr_kmeans	log1p_hvg	K4	4	37	success	0.109412	0.109412	558.207		2026-04-22T04:22:21Z	2026-04-22T04:22:21Z	local-macbook-air-8gb-smoketest	python-smoketest	
GSE267401	GSM8265213_CTC17P	M0_expr_kmeans	log1p_hvg	K6	6	11	success	0.233328	0.233328	558.207		2026-04-22T04:22:21Z	2026-04-22T04:22:22Z	local-macbook-air-8gb-smoketest	python-smoketest	
GSE267401	GSM8265213_CTC17P	M0_expr_kmeans	log1p_hvg	K6	6	23	success	0.153493	0.153493	582.793		2026-04-22T04:22:22Z	2026-04-22T04:22:22Z	local-macbook-air-8gb-smoketest	python-smoketest	
GSE267401	GSM8265213_CTC17P	M0_expr_kmeans	log1p_hvg	K6	6	37	success	0.165847	0.165847	592.582		2026-04-22T04:22:22Z	2026-04-22T04:22:22Z	local-macbook-air-8gb-smoketest	python-smoketest	
GSE267401	GSM8265213_CTC17P	M1_spatial_concat_kmeans	log1p_hvg	K4	4	11	success	0.106371	0.106371	532.523		2026-04-22T04:22:23Z	2026-04-22T04:22:23Z	local-macbook-air-8gb-smoketest	python-smoketest	
GSE267401	GSM8265213_CTC17P	M1_spatial_concat_kmeans	log1p_hvg	K4	4	23	success	0.10033	0.10033	547.562		2026-04-22T04:22:23Z	2026-04-22T04:22:23Z	local-macbook-air-8gb-smoketest	python-smoketest	
GSE267401	GSM8265213_CTC17P	M1_spatial_concat_kmeans	log1p_hvg	K4	4	37	success	0.101206	0.101206	536.781		2026-04-22T04:22:23Z	2026-04-22T04:22:23Z	local-macbook-air-8gb-smoketest	python-smoketest	
GSE267401	GSM8265213_CTC17P	M1_spatial_concat_kmeans	log1p_hvg	K6	6	11	success	0.299027	0.299027	536.781		2026-04-22T04:22:23Z	2026-04-22T04:22:24Z	local-macbook-air-8gb-smoketest	python-smoketest	
GSE267401	GSM8265213_CTC17P	M1_spatial_concat_kmeans	log1p_hvg	K6	6	23	success	0.146416	0.146416	545.699		2026-04-22T04:22:24Z	2026-04-22T04:22:24Z	local-macbook-air-8gb-smoketest	python-smoketest	
GSE267401	GSM8265213_CTC17P	M1_spatial_concat_kmeans	log1p_hvg	K6	6	37	success	0.132253	0.132253	534.883		2026-04-22T04:22:24Z	2026-04-22T04:22:24Z	local-macbook-air-8gb-smoketest	python-smoketest	
GSE267401	GSM8265213_CTC17P	M3_spatial_leiden	log1p_hvg	K4	4	11	success	0.189916	0.189916	468.137		2026-04-22T04:22:25Z	2026-04-22T04:22:25Z	local-macbook-air-8gb-smoketest	python-smoketest	
GSE267401	GSM8265213_CTC17P	M3_spatial_leiden	log1p_hvg	K4	4	23	success	0.202889	0.202889	557.0		2026-04-22T04:22:25Z	2026-04-22T04:22:25Z	local-macbook-air-8gb-smoketest	python-smoketest	
GSE267401	GSM8265213_CTC17P	M3_spatial_leiden	log1p_hvg	K4	4	37	success	0.195742	0.195742	531.602		2026-04-22T04:22:25Z	2026-04-22T04:22:26Z	local-macbook-air-8gb-smoketest	python-smoketest	
GSE267401	GSM8265213_CTC17P	M3_spatial_leiden	log1p_hvg	K6	6	11	success	0.191906	0.191906	531.84		2026-04-22T04:22:27Z	2026-04-22T04:22:27Z	local-macbook-air-8gb-smoketest	python-smoketest	
GSE267401	GSM8265213_CTC17P	M3_spatial_leiden	log1p_hvg	K6	6	23	success	0.281493	0.281493	532.543		2026-04-22T04:22:27Z	2026-04-22T04:22:27Z	local-macbook-air-8gb-smoketest	python-smoketest	
GSE267401	GSM8265213_CTC17P	M3_spatial_leiden	log1p_hvg	K6	6	37	failed	0.192119	0.192119	533.141		2026-04-22T04:22:27Z	2026-04-22T04:22:28Z	local-macbook-air-8gb-smoketest	python-smoketest	
GSE267401	GSM8265214_CTC17M	M0_expr_kmeans	log1p_hvg	K4	4	11	success	0.139605	0.139605	493.055		2026-04-22T04:22:38Z	2026-04-22T04:22:38Z	local-macbook-air-8gb-smoketest	python-smoketest	
GSE267401	GSM8265214_CTC17M	M0_expr_kmeans	log1p_hvg	K4	4	23	success	0.139246	0.139246	549.914		2026-04-22T04:22:38Z	2026-04-22T04:22:38Z	local-macbook-air-8gb-smoketest	python-smoketest	
GSE267401	GSM8265214_CTC17M	M0_expr_kmeans	log1p_hvg	K4	4	37	success	0.158887	0.158887	566.133		2026-04-22T04:22:39Z	2026-04-22T04:22:39Z	local-macbook-air-8gb-smoketest	python-smoketest	
GSE267401	GSM8265214_CTC17M	M0_expr_kmeans	log1p_hvg	K6	6	11	success	0.20739	0.20739	547.906		2026-04-22T04:22:39Z	2026-04-22T04:22:39Z	local-macbook-air-8gb-smoketest	python-smoketest	
GSE267401	GSM8265214_CTC17M	M0_expr_kmeans	log1p_hvg	K6	6	23	success	0.267135	0.267135	583.656		2026-04-22T04:22:40Z	2026-04-22T04:22:40Z	local-macbook-air-8gb-smoketest	python-smoketest	
GSE267401	GSM8265214_CTC17M	M0_expr_kmeans	log1p_hvg	K6	6	37	success	0.227635	0.227635	581.613		2026-04-22T04:22:40Z	2026-04-22T04:22:40Z	local-macbook-air-8gb-smoketest	python-smoketest	
GSE267401	GSM8265214_CTC17M	M1_spatial_concat_kmeans	log1p_hvg	K4	4	11	success	0.140514	0.140514	527.922		2026-04-22T04:22:41Z	2026-04-22T04:22:41Z	local-macbook-air-8gb-smoketest	python-smoketest	
GSE267401	GSM8265214_CTC17M	M1_spatial_concat_kmeans	log1p_hvg	K4	4	23	success	0.132984	0.132984	570.305		2026-04-22T04:22:41Z	2026-04-22T04:22:41Z	local-macbook-air-8gb-smoketest	python-smoketest	
GSE267401	GSM8265214_CTC17M	M1_spatial_concat_kmeans	log1p_hvg	K4	4	37	success	0.113981	0.113981	550.598		2026-04-22T04:22:41Z	2026-04-22T04:22:41Z	local-macbook-air-8gb-smoketest	python-smoketest	
GSE267401	GSM8265214_CTC17M	M1_spatial_concat_kmeans	log1p_hvg	K6	6	11	success	0.33029	0.33029	532.551		2026-04-22T04:22:42Z	2026-04-22T04:22:42Z	local-macbook-air-8gb-smoketest	python-smoketest	
GSE267401	GSM8265214_CTC17M	M1_spatial_concat_kmeans	log1p_hvg	K6	6	23	success	0.404572	0.404572	578.555		2026-04-22T04:22:42Z	2026-04-22T04:22:43Z	local-macbook-air-8gb-smoketest	python-smoketest	
GSE267401	GSM8265214_CTC17M	M1_spatial_concat_kmeans	log1p_hvg	K6	6	37	success	0.314159	0.314159	578.578		2026-04-22T04:22:43Z	2026-04-22T04:22:43Z	local-macbook-air-8gb-smoketest	python-smoketest	
GSE267401	GSM8265214_CTC17M	M3_spatial_leiden	log1p_hvg	K4	4	11	success	0.275448	0.275448	491.938		2026-04-22T04:22:44Z	2026-04-22T04:22:45Z	local-macbook-air-8gb-smoketest	python-smoketest	
GSE267401	GSM8265214_CTC17M	M3_spatial_leiden	log1p_hvg	K4	4	23	success	0.27921	0.27921	491.977		2026-04-22T04:22:45Z	2026-04-22T04:22:45Z	local-macbook-air-8gb-smoketest	python-smoketest	
GSE267401	GSM8265214_CTC17M	M3_spatial_leiden	log1p_hvg	K4	4	37	success	0.279965	0.279965	492.016		2026-04-22T04:22:45Z	2026-04-22T04:22:46Z	local-macbook-air-8gb-smoketest	python-smoketest	
GSE267401	GSM8265214_CTC17M	M3_spatial_leiden	log1p_hvg	K6	6	11	success	0.413645	0.413645	492.082		2026-04-22T04:22:50Z	2026-04-22T04:22:50Z	local-macbook-air-8gb-smoketest	python-smoketest	
GSE267401	GSM8265214_CTC17M	M3_spatial_leiden	log1p_hvg	K6	6	23	success	0.307306	0.307306	492.121		2026-04-22T04:22:50Z	2026-04-22T04:22:51Z	local-macbook-air-8gb-smoketest	python-smoketest	
GSE267401	GSM8265214_CTC17M	M3_spatial_leiden	log1p_hvg	K6	6	37	failed	0.306282	0.306282	492.16		2026-04-22T04:22:51Z	2026-04-22T04:22:51Z	local-macbook-air-8gb-smoketest	python-smoketest	
GSE280318	GSM8703563_Tumor19	M0_expr_kmeans	log1p_hvg	K4	4	11	success	0.211207	0.211207	440.141		2026-04-22T04:23:02Z	2026-04-22T04:23:02Z	local-macbook-air-8gb-smoketest	python-smoketest	
GSE280318	GSM8703563_Tumor19	M0_expr_kmeans	log1p_hvg	K4	4	23	success	0.130376	0.130376	315.211		2026-04-22T04:23:02Z	2026-04-22T04:23:02Z	local-macbook-air-8gb-smoketest	python-smoketest	
GSE280318	GSM8703563_Tumor19	M0_expr_kmeans	log1p_hvg	K4	4	37	success	0.153065	0.153065	315.266		2026-04-22T04:23:02Z	2026-04-22T04:23:02Z	local-macbook-air-8gb-smoketest	python-smoketest	
GSE280318	GSM8703563_Tumor19	M0_expr_kmeans	log1p_hvg	K6	6	11	success	0.221402	0.221402	315.402		2026-04-22T04:23:03Z	2026-04-22T04:23:03Z	local-macbook-air-8gb-smoketest	python-smoketest	
GSE280318	GSM8703563_Tumor19	M0_expr_kmeans	log1p_hvg	K6	6	23	success	0.15554	0.15554	321.34		2026-04-22T04:23:03Z	2026-04-22T04:23:03Z	local-macbook-air-8gb-smoketest	python-smoketest	
GSE280318	GSM8703563_Tumor19	M0_expr_kmeans	log1p_hvg	K6	6	37	success	0.192662	0.192662	321.344		2026-04-22T04:23:03Z	2026-04-22T04:23:04Z	local-macbook-air-8gb-smoketest	python-smoketest	
GSE280318	GSM8703563_Tumor19	M1_spatial_concat_kmeans	log1p_hvg	K4	4	11	success	0.123931	0.123931	314.496		2026-04-22T04:23:04Z	2026-04-22T04:23:04Z	local-macbook-air-8gb-smoketest	python-smoketest	
GSE280318	GSM8703563_Tumor19	M1_spatial_concat_kmeans	log1p_hvg	K4	4	23	success	0.116115	0.116115	318.691		2026-04-22T04:23:04Z	2026-04-22T04:23:04Z	local-macbook-air-8gb-smoketest	python-smoketest	
GSE280318	GSM8703563_Tumor19	M1_spatial_concat_kmeans	log1p_hvg	K4	4	37	success	0.115644	0.115644	320.926		2026-04-22T04:23:04Z	2026-04-22T04:23:04Z	local-macbook-air-8gb-smoketest	python-smoketest	
GSE280318	GSM8703563_Tumor19	M1_spatial_concat_kmeans	log1p_hvg	K6	6	11	success	0.330235	0.330235	316.035		2026-04-22T04:23:05Z	2026-04-22T04:23:05Z	local-macbook-air-8gb-smoketest	python-smoketest	
GSE280318	GSM8703563_Tumor19	M1_spatial_concat_kmeans	log1p_hvg	K6	6	23	success	0.143749	0.143749	321.66		2026-04-22T04:23:05Z	2026-04-22T04:23:05Z	local-macbook-air-8gb-smoketest	python-smoketest	
GSE280318	GSM8703563_Tumor19	M1_spatial_concat_kmeans	log1p_hvg	K6	6	37	success	0.153388	0.153388	320.383		2026-04-22T04:23:05Z	2026-04-22T04:23:06Z	local-macbook-air-8gb-smoketest	python-smoketest	
GSE280318	GSM8703563_Tumor19	M3_spatial_leiden	log1p_hvg	K4	4	11	success	0.18742	0.18742	281.301		2026-04-22T04:23:08Z	2026-04-22T04:23:08Z	local-macbook-air-8gb-smoketest	python-smoketest	
GSE280318	GSM8703563_Tumor19	M3_spatial_leiden	log1p_hvg	K4	4	23	success	0.207477	0.207477	368.816		2026-04-22T04:23:09Z	2026-04-22T04:23:09Z	local-macbook-air-8gb-smoketest	python-smoketest	
GSE280318	GSM8703563_Tumor19	M3_spatial_leiden	log1p_hvg	K4	4	37	failed	0.183847	0.183847	320.516		2026-04-22T04:23:09Z	2026-04-22T04:23:09Z	local-macbook-air-8gb-smoketest	python-smoketest	
GSE280318	GSM8703563_Tumor19	M3_spatial_leiden	log1p_hvg	K6	6	11	success	0.177049	0.177049	312.906		2026-04-22T04:23:12Z	2026-04-22T04:23:12Z	local-macbook-air-8gb-smoketest	python-smoketest	
GSE280318	GSM8703563_Tumor19	M3_spatial_leiden	log1p_hvg	K6	6	23	success	0.182689	0.182689	384.973		2026-04-22T04:23:12Z	2026-04-22T04:23:12Z	local-macbook-air-8gb-smoketest	python-smoketest	
GSE280318	GSM8703563_Tumor19	M3_spatial_leiden	log1p_hvg	K6	6	37	success	0.241618	0.241618	339.137		2026-04-22T04:23:12Z	2026-04-22T04:23:13Z	local-macbook-air-8gb-smoketest	python-smoketest	
GSE280318	GSM8703564_Tumor20	M0_expr_kmeans	log1p_hvg	K4	4	11	success	0.121172	0.121172	231.758		2026-04-22T04:23:14Z	2026-04-22T04:23:14Z	local-macbook-air-8gb-smoketest	python-smoketest	
GSE280318	GSM8703564_Tumor20	M0_expr_kmeans	log1p_hvg	K4	4	23	success	0.099337	0.099337	256.785		2026-04-22T04:23:14Z	2026-04-22T04:23:14Z	local-macbook-air-8gb-smoketest	python-smoketest	
GSE280318	GSM8703564_Tumor20	M0_expr_kmeans	log1p_hvg	K4	4	37	success	0.099365	0.099365	256.785		2026-04-22T04:23:14Z	2026-04-22T04:23:14Z	local-macbook-air-8gb-smoketest	python-smoketest	
GSE280318	GSM8703564_Tumor20	M0_expr_kmeans	log1p_hvg	K6	6	11	success	0.125576	0.125576	257.863		2026-04-22T04:23:15Z	2026-04-22T04:23:15Z	local-macbook-air-8gb-smoketest	python-smoketest	
GSE280318	GSM8703564_Tumor20	M0_expr_kmeans	log1p_hvg	K6	6	23	success	0.14549	0.14549	279.238		2026-04-22T04:23:15Z	2026-04-22T04:23:15Z	local-macbook-air-8gb-smoketest	python-smoketest	
GSE280318	GSM8703564_Tumor20	M0_expr_kmeans	log1p_hvg	K6	6	37	success	0.124599	0.124599	279.238		2026-04-22T04:23:15Z	2026-04-22T04:23:15Z	local-macbook-air-8gb-smoketest	python-smoketest	
GSE280318	GSM8703564_Tumor20	M1_spatial_concat_kmeans	log1p_hvg	K4	4	11	success	0.09379	0.09379	279.582		2026-04-22T04:23:15Z	2026-04-22T04:23:16Z	local-macbook-air-8gb-smoketest	python-smoketest	
GSE280318	GSM8703564_Tumor20	M1_spatial_concat_kmeans	log1p_hvg	K4	4	23	success	0.09778	0.09778	279.582		2026-04-22T04:23:16Z	2026-04-22T04:23:16Z	local-macbook-air-8gb-smoketest	python-smoketest	
GSE280318	GSM8703564_Tumor20	M1_spatial_concat_kmeans	log1p_hvg	K4	4	37	success	0.082579	0.082579	279.586		2026-04-22T04:23:16Z	2026-04-22T04:23:16Z	local-macbook-air-8gb-smoketest	python-smoketest	
GSE280318	GSM8703564_Tumor20	M1_spatial_concat_kmeans	log1p_hvg	K6	6	11	success	0.149959	0.149959	279.586		2026-04-22T04:23:16Z	2026-04-22T04:23:16Z	local-macbook-air-8gb-smoketest	python-smoketest	
GSE280318	GSM8703564_Tumor20	M1_spatial_concat_kmeans	log1p_hvg	K6	6	23	success	0.155662	0.155662	279.586		2026-04-22T04:23:16Z	2026-04-22T04:23:16Z	local-macbook-air-8gb-smoketest	python-smoketest	
GSE280318	GSM8703564_Tumor20	M1_spatial_concat_kmeans	log1p_hvg	K6	6	37	success	0.103149	0.103149	279.586		2026-04-22T04:23:17Z	2026-04-22T04:23:17Z	local-macbook-air-8gb-smoketest	python-smoketest	
GSE280318	GSM8703564_Tumor20	M3_spatial_leiden	log1p_hvg	K4	4	11	success	0.123848	0.123848	234.004		2026-04-22T04:23:18Z	2026-04-22T04:23:19Z	local-macbook-air-8gb-smoketest	python-smoketest	
GSE280318	GSM8703564_Tumor20	M3_spatial_leiden	log1p_hvg	K4	4	23	success	0.12344	0.12344	298.109		2026-04-22T04:23:19Z	2026-04-22T04:23:19Z	local-macbook-air-8gb-smoketest	python-smoketest	
GSE280318	GSM8703564_Tumor20	M3_spatial_leiden	log1p_hvg	K4	4	37	success	0.120499	0.120499	298.109		2026-04-22T04:23:19Z	2026-04-22T04:23:19Z	local-macbook-air-8gb-smoketest	python-smoketest	
GSE280318	GSM8703564_Tumor20	M3_spatial_leiden	log1p_hvg	K6	6	11	success	0.131985	0.131985	313.387		2026-04-22T04:23:21Z	2026-04-22T04:23:21Z	local-macbook-air-8gb-smoketest	python-smoketest	
GSE280318	GSM8703564_Tumor20	M3_spatial_leiden	log1p_hvg	K6	6	23	success	0.129001	0.129001	321.527		2026-04-22T04:23:21Z	2026-04-22T04:23:21Z	local-macbook-air-8gb-smoketest	python-smoketest	
GSE280318	GSM8703564_Tumor20	M3_spatial_leiden	log1p_hvg	K6	6	37	success	0.120985	0.120985	323.113		2026-04-22T04:23:21Z	2026-04-22T04:23:21Z	local-macbook-air-8gb-smoketest	python-smoketest	
GSE280318	GSM8703565_Tumor24	M0_expr_kmeans	log1p_hvg	K4	4	11	success	0.259826	0.259826	295.91		2026-04-22T04:23:25Z	2026-04-22T04:23:25Z	local-macbook-air-8gb-smoketest	python-smoketest	
GSE280318	GSM8703565_Tumor24	M0_expr_kmeans	log1p_hvg	K4	4	23	success	0.546487	0.546487	392.879		2026-04-22T04:23:25Z	2026-04-22T04:23:26Z	local-macbook-air-8gb-smoketest	python-smoketest	
GSE280318	GSM8703565_Tumor24	M0_expr_kmeans	log1p_hvg	K4	4	37	success	0.975645	0.975645	392.879		2026-04-22T04:23:26Z	2026-04-22T04:23:27Z	local-macbook-air-8gb-smoketest	python-smoketest	
GSE280318	GSM8703565_Tumor24	M0_expr_kmeans	log1p_hvg	K6	6	11	success	1.002518	1.002518	394.168		2026-04-22T04:23:27Z	2026-04-22T04:23:28Z	local-macbook-air-8gb-smoketest	python-smoketest	
GSE280318	GSM8703565_Tumor24	M0_expr_kmeans	log1p_hvg	K6	6	23	success	0.470298	0.470298	385.637		2026-04-22T04:23:29Z	2026-04-22T04:23:29Z	local-macbook-air-8gb-smoketest	python-smoketest	
GSE280318	GSM8703565_Tumor24	M0_expr_kmeans	log1p_hvg	K6	6	37	success	0.678624	0.678624	385.637		2026-04-22T04:23:29Z	2026-04-22T04:23:30Z	local-macbook-air-8gb-smoketest	python-smoketest	
GSE280318	GSM8703565_Tumor24	M1_spatial_concat_kmeans	log1p_hvg	K4	4	11	success	0.483407	0.483407	360.539		2026-04-22T04:23:30Z	2026-04-22T04:23:31Z	local-macbook-air-8gb-smoketest	python-smoketest	
GSE280318	GSM8703565_Tumor24	M1_spatial_concat_kmeans	log1p_hvg	K4	4	23	success	0.384715	0.384715	368.984		2026-04-22T04:23:31Z	2026-04-22T04:23:31Z	local-macbook-air-8gb-smoketest	python-smoketest	
GSE280318	GSM8703565_Tumor24	M1_spatial_concat_kmeans	log1p_hvg	K4	4	37	success	0.298849	0.298849	358.406		2026-04-22T04:23:31Z	2026-04-22T04:23:32Z	local-macbook-air-8gb-smoketest	python-smoketest	
GSE280318	GSM8703565_Tumor24	M1_spatial_concat_kmeans	log1p_hvg	K6	6	11	success	0.335471	0.335471	358.406		2026-04-22T04:23:32Z	2026-04-22T04:23:32Z	local-macbook-air-8gb-smoketest	python-smoketest	
GSE280318	GSM8703565_Tumor24	M1_spatial_concat_kmeans	log1p_hvg	K6	6	23	success	0.644344	0.644344	386.047		2026-04-22T04:23:32Z	2026-04-22T04:23:33Z	local-macbook-air-8gb-smoketest	python-smoketest	
GSE280318	GSM8703565_Tumor24	M1_spatial_concat_kmeans	log1p_hvg	K6	6	37	success	0.62053	0.62053	362.816		2026-04-22T04:23:33Z	2026-04-22T04:23:34Z	local-macbook-air-8gb-smoketest	python-smoketest	
GSE280318	GSM8703565_Tumor24	M3_spatial_leiden	log1p_hvg	K4	4	11	success	0.270226	0.270226	299.699		2026-04-22T04:23:38Z	2026-04-22T04:23:38Z	local-macbook-air-8gb-smoketest	python-smoketest	
GSE280318	GSM8703565_Tumor24	M3_spatial_leiden	log1p_hvg	K4	4	23	success	0.275172	0.275172	391.391		2026-04-22T04:23:39Z	2026-04-22T04:23:39Z	local-macbook-air-8gb-smoketest	python-smoketest	
GSE280318	GSM8703565_Tumor24	M3_spatial_leiden	log1p_hvg	K4	4	37	success	0.296667	0.296667	358.398		2026-04-22T04:23:39Z	2026-04-22T04:23:39Z	local-macbook-air-8gb-smoketest	python-smoketest	
GSE280318	GSM8703565_Tumor24	M3_spatial_leiden	log1p_hvg	K6	6	11	success	0.301533	0.301533	358.535		2026-04-22T04:23:41Z	2026-04-22T04:23:42Z	local-macbook-air-8gb-smoketest	python-smoketest	
GSE280318	GSM8703565_Tumor24	M3_spatial_leiden	log1p_hvg	K6	6	23	failed	0.292466	0.292466	358.984		2026-04-22T04:23:42Z	2026-04-22T04:23:42Z	local-macbook-air-8gb-smoketest	python-smoketest	
GSE280318	GSM8703565_Tumor24	M3_spatial_leiden	log1p_hvg	K6	6	37	failed	0.258902	0.258902	376.871		2026-04-22T04:23:42Z	2026-04-22T04:23:43Z	local-macbook-air-8gb-smoketest	python-smoketest	
GSE280318	GSM8703566_Tumor26	M0_expr_kmeans	log1p_hvg	K4	4	11	success	0.333097	0.333097	270.953		2026-04-22T04:23:46Z	2026-04-22T04:23:46Z	local-macbook-air-8gb-smoketest	python-smoketest	
GSE280318	GSM8703566_Tumor26	M0_expr_kmeans	log1p_hvg	K4	4	23	success	0.204352	0.204352	336.945		2026-04-22T04:23:46Z	2026-04-22T04:23:47Z	local-macbook-air-8gb-smoketest	python-smoketest	
GSE280318	GSM8703566_Tumor26	M0_expr_kmeans	log1p_hvg	K4	4	37	success	0.271429	0.271429	366.484		2026-04-22T04:23:47Z	2026-04-22T04:23:47Z	local-macbook-air-8gb-smoketest	python-smoketest	
GSE280318	GSM8703566_Tumor26	M0_expr_kmeans	log1p_hvg	K6	6	11	success	0.304004	0.304004	366.484		2026-04-22T04:23:47Z	2026-04-22T04:23:48Z	local-macbook-air-8gb-smoketest	python-smoketest	
GSE280318	GSM8703566_Tumor26	M0_expr_kmeans	log1p_hvg	K6	6	23	success	0.373578	0.373578	348.016		2026-04-22T04:23:48Z	2026-04-22T04:23:48Z	local-macbook-air-8gb-smoketest	python-smoketest	
GSE280318	GSM8703566_Tumor26	M0_expr_kmeans	log1p_hvg	K6	6	37	success	0.376394	0.376394	352.723		2026-04-22T04:23:48Z	2026-04-22T04:23:49Z	local-macbook-air-8gb-smoketest	python-smoketest	
GSE280318	GSM8703566_Tumor26	M1_spatial_concat_kmeans	log1p_hvg	K4	4	11	success	0.314415	0.314415	327.145		2026-04-22T04:23:49Z	2026-04-22T04:23:49Z	local-macbook-air-8gb-smoketest	python-smoketest	
GSE280318	GSM8703566_Tumor26	M1_spatial_concat_kmeans	log1p_hvg	K4	4	23	success	0.221499	0.221499	331.203		2026-04-22T04:23:49Z	2026-04-22T04:23:50Z	local-macbook-air-8gb-smoketest	python-smoketest	
GSE280318	GSM8703566_Tumor26	M1_spatial_concat_kmeans	log1p_hvg	K4	4	37	success	0.308733	0.308733	331.203		2026-04-22T04:23:50Z	2026-04-22T04:23:50Z	local-macbook-air-8gb-smoketest	python-smoketest	
GSE280318	GSM8703566_Tumor26	M1_spatial_concat_kmeans	log1p_hvg	K6	6	11	success	0.252932	0.252932	331.203		2026-04-22T04:23:50Z	2026-04-22T04:23:51Z	local-macbook-air-8gb-smoketest	python-smoketest	
GSE280318	GSM8703566_Tumor26	M1_spatial_concat_kmeans	log1p_hvg	K6	6	23	success	0.46037	0.46037	349.398		2026-04-22T04:23:51Z	2026-04-22T04:23:51Z	local-macbook-air-8gb-smoketest	python-smoketest	
GSE280318	GSM8703566_Tumor26	M1_spatial_concat_kmeans	log1p_hvg	K6	6	37	success	0.22884	0.22884	331.82		2026-04-22T04:23:51Z	2026-04-22T04:23:52Z	local-macbook-air-8gb-smoketest	python-smoketest	
GSE280318	GSM8703566_Tumor26	M3_spatial_leiden	log1p_hvg	K4	4	11	success	0.246989	0.246989	269.844		2026-04-22T04:23:55Z	2026-04-22T04:23:55Z	local-macbook-air-8gb-smoketest	python-smoketest	
GSE280318	GSM8703566_Tumor26	M3_spatial_leiden	log1p_hvg	K4	4	23	success	0.288118	0.288118	358.914		2026-04-22T04:23:55Z	2026-04-22T04:23:56Z	local-macbook-air-8gb-smoketest	python-smoketest	
GSE280318	GSM8703566_Tumor26	M3_spatial_leiden	log1p_hvg	K4	4	37	failed	0.365923	0.365923	304.336		2026-04-22T04:23:56Z	2026-04-22T04:23:56Z	local-macbook-air-8gb-smoketest	python-smoketest	
GSE280318	GSM8703566_Tumor26	M3_spatial_leiden	log1p_hvg	K6	6	11	failed	7.3e-05	7.3e-05	270.078		2026-04-22T04:24:15Z	2026-04-22T04:24:15Z	local-macbook-air-8gb-smoketest	python-smoketest	
GSE280318	GSM8703566_Tumor26	M3_spatial_leiden	log1p_hvg	K6	6	23	failed	3.4e-05	3.4e-05	270.078		2026-04-22T04:24:15Z	2026-04-22T04:24:15Z	local-macbook-air-8gb-smoketest	python-smoketest	
GSE280318	GSM8703566_Tumor26	M3_spatial_leiden	log1p_hvg	K6	6	37	failed	1.4e-05	1.4e-05	270.078		2026-04-22T04:24:15Z	2026-04-22T04:24:15Z	local-macbook-air-8gb-smoketest	python-smoketest	
GSE311294	GSM9322957_TR11_206	M2_spatial_ward	log1p_hvg	K4	4	11	success	0.389028	0.389028	360.012		2026-04-22T04:24:28Z	2026-04-22T04:24:28Z	local-macbook-air-8gb-smoketest	python-smoketest	
GSE311294	GSM9322957_TR11_206	M2_spatial_ward	log1p_hvg	K6	6	11	success	0.422242	0.422242	317.383		2026-04-22T04:24:28Z	2026-04-22T04:24:29Z	local-macbook-air-8gb-smoketest	python-smoketest	
GSE311294	GSM9322958_TR11_16184	M2_spatial_ward	log1p_hvg	K4	4	11	success	0.49328	0.49328	411.691		2026-04-22T04:24:35Z	2026-04-22T04:24:36Z	local-macbook-air-8gb-smoketest	python-smoketest	
GSE311294	GSM9322958_TR11_16184	M2_spatial_ward	log1p_hvg	K6	6	11	success	0.506839	0.506839	408.328		2026-04-22T04:24:36Z	2026-04-22T04:24:37Z	local-macbook-air-8gb-smoketest	python-smoketest	
GSE311294	GSM9322959_TR11_18105	M2_spatial_ward	log1p_hvg	K4	4	11	success	0.493705	0.493705	268.18		2026-04-22T04:24:40Z	2026-04-22T04:24:40Z	local-macbook-air-8gb-smoketest	python-smoketest	
GSE311294	GSM9322959_TR11_18105	M2_spatial_ward	log1p_hvg	K6	6	11	success	0.37422	0.37422	316.789		2026-04-22T04:24:40Z	2026-04-22T04:24:41Z	local-macbook-air-8gb-smoketest	python-smoketest	
GSE311294	GSM9322960_TR11_21723	M2_spatial_ward	log1p_hvg	K4	4	11	success	0.481342	0.481342	304.371		2026-04-22T04:24:45Z	2026-04-22T04:24:45Z	local-macbook-air-8gb-smoketest	python-smoketest	
GSE311294	GSM9322960_TR11_21723	M2_spatial_ward	log1p_hvg	K6	6	11	success	0.410913	0.410913	377.344		2026-04-22T04:24:45Z	2026-04-22T04:24:46Z	local-macbook-air-8gb-smoketest	python-smoketest	
GSE311294	GSM9322961_TR16_23542	M2_spatial_ward	log1p_hvg	K4	4	11	success	0.461272	0.461272	247.555		2026-04-22T04:24:49Z	2026-04-22T04:24:49Z	local-macbook-air-8gb-smoketest	python-smoketest	
GSE311294	GSM9322961_TR16_23542	M2_spatial_ward	log1p_hvg	K6	6	11	success	0.585486	0.585486	308.945		2026-04-22T04:24:49Z	2026-04-22T04:24:50Z	local-macbook-air-8gb-smoketest	python-smoketest	
GSE267401	GSM8265211_CTC21P	M2_spatial_ward	log1p_hvg	K4	4	11	success	0.460733	0.460733	477.934		2026-04-22T04:25:09Z	2026-04-22T04:25:09Z	local-macbook-air-8gb-smoketest	python-smoketest	
GSE267401	GSM8265211_CTC21P	M2_spatial_ward	log1p_hvg	K6	6	11	success	0.524044	0.524044	442.801		2026-04-22T04:25:10Z	2026-04-22T04:25:10Z	local-macbook-air-8gb-smoketest	python-smoketest	
GSE267401	GSM8265212_CTC21M	M2_spatial_ward	log1p_hvg	K4	4	11	success	0.413764	0.413764	404.746		2026-04-22T04:25:19Z	2026-04-22T04:25:19Z	local-macbook-air-8gb-smoketest	python-smoketest	
GSE267401	GSM8265212_CTC21M	M2_spatial_ward	log1p_hvg	K6	6	11	success	0.400169	0.400169	403.699		2026-04-22T04:25:20Z	2026-04-22T04:25:20Z	local-macbook-air-8gb-smoketest	python-smoketest	
GSE267401	GSM8265213_CTC17P	M2_spatial_ward	log1p_hvg	K4	4	11	success	0.403613	0.403613	438.062		2026-04-22T04:25:31Z	2026-04-22T04:25:31Z	local-macbook-air-8gb-smoketest	python-smoketest	
GSE267401	GSM8265213_CTC17P	M2_spatial_ward	log1p_hvg	K6	6	11	success	0.300563	0.300563	520.977		2026-04-22T04:25:32Z	2026-04-22T04:25:32Z	local-macbook-air-8gb-smoketest	python-smoketest	
GSE267401	GSM8265214_CTC17M	M2_spatial_ward	log1p_hvg	K4	4	11	success	0.441201	0.441201	461.648		2026-04-22T04:25:43Z	2026-04-22T04:25:43Z	local-macbook-air-8gb-smoketest	python-smoketest	
GSE267401	GSM8265214_CTC17M	M2_spatial_ward	log1p_hvg	K6	6	11	success	0.431763	0.431763	461.406		2026-04-22T04:25:44Z	2026-04-22T04:25:44Z	local-macbook-air-8gb-smoketest	python-smoketest	
GSE280318	GSM8703563_Tumor19	M2_spatial_ward	log1p_hvg	K4	4	11	success	0.362386	0.362386	360.398		2026-04-22T04:25:54Z	2026-04-22T04:25:55Z	local-macbook-air-8gb-smoketest	python-smoketest	
GSE280318	GSM8703563_Tumor19	M2_spatial_ward	log1p_hvg	K6	6	11	success	0.397161	0.397161	297.887		2026-04-22T04:25:55Z	2026-04-22T04:25:55Z	local-macbook-air-8gb-smoketest	python-smoketest	
GSE280318	GSM8703564_Tumor20	M2_spatial_ward	log1p_hvg	K4	4	11	success	0.234107	0.234107	247.844		2026-04-22T04:25:57Z	2026-04-22T04:25:57Z	local-macbook-air-8gb-smoketest	python-smoketest	
GSE280318	GSM8703564_Tumor20	M2_spatial_ward	log1p_hvg	K6	6	11	success	0.204761	0.204761	247.461		2026-04-22T04:25:57Z	2026-04-22T04:25:57Z	local-macbook-air-8gb-smoketest	python-smoketest	
GSE280318	GSM8703565_Tumor24	M2_spatial_ward	log1p_hvg	K4	4	11	success	0.368	0.368	300.418		2026-04-22T04:26:01Z	2026-04-22T04:26:01Z	local-macbook-air-8gb-smoketest	python-smoketest	
GSE280318	GSM8703565_Tumor24	M2_spatial_ward	log1p_hvg	K6	6	11	success	0.301764	0.301764	335.406		2026-04-22T04:26:01Z	2026-04-22T04:26:02Z	local-macbook-air-8gb-smoketest	python-smoketest	
GSE280318	GSM8703566_Tumor26	M2_spatial_ward	log1p_hvg	K4	4	11	success	0.330195	0.330195	268.664		2026-04-22T04:26:04Z	2026-04-22T04:26:05Z	local-macbook-air-8gb-smoketest	python-smoketest	
GSE280318	GSM8703566_Tumor26	M2_spatial_ward	log1p_hvg	K6	6	11	success	0.316131	0.316131	288.387		2026-04-22T04:26:05Z	2026-04-22T04:26:05Z	local-macbook-air-8gb-smoketest	python-smoketest	
GSE311294	GSM9322957_TR11_206	M4_spagcn	log1p_hvg	K4	4	11	success	15.555025	15.555025	813.656		2026-04-22T04:26:27Z	2026-04-22T04:26:42Z	local-macbook-air-8gb-smoketest	python-smoketest	
GSE311294	GSM9322957_TR11_206	M4_spagcn	log1p_hvg	K4	4	23	success	6.770734	6.770734	1025.992		2026-04-22T04:26:42Z	2026-04-22T04:26:49Z	local-macbook-air-8gb-smoketest	python-smoketest	
GSE311294	GSM9322957_TR11_206	M4_spagcn	log1p_hvg	K6	6	11	success	7.60007	7.60007	1033.082		2026-04-22T04:26:49Z	2026-04-22T04:26:57Z	local-macbook-air-8gb-smoketest	python-smoketest	
GSE311294	GSM9322957_TR11_206	M4_spagcn	log1p_hvg	K6	6	23	success	6.426132	6.426132	1033.594		2026-04-22T04:26:57Z	2026-04-22T04:27:04Z	local-macbook-air-8gb-smoketest	python-smoketest	
GSE311294	GSM9322958_TR11_16184	M4_spagcn	log1p_hvg	K4	4	11	success	11.782691	11.782691	1246.363		2026-04-22T04:27:11Z	2026-04-22T04:27:22Z	local-macbook-air-8gb-smoketest	python-smoketest	
GSE311294	GSM9322958_TR11_16184	M4_spagcn	log1p_hvg	K4	4	23	success	11.169279	11.169279	1246.09		2026-04-22T04:27:22Z	2026-04-22T04:27:34Z	local-macbook-air-8gb-smoketest	python-smoketest	
GSE311294	GSM9322958_TR11_16184	M4_spagcn	log1p_hvg	K6	6	11	success	14.273615	14.273615	1249.207		2026-04-22T04:27:34Z	2026-04-22T04:27:48Z	local-macbook-air-8gb-smoketest	python-smoketest	
GSE311294	GSM9322958_TR11_16184	M4_spagcn	log1p_hvg	K6	6	23	success	14.11362	14.11362	1248.77		2026-04-22T04:27:48Z	2026-04-22T04:28:03Z	local-macbook-air-8gb-smoketest	python-smoketest	
GSE311294	GSM9322959_TR11_18105	M4_spagcn	log1p_hvg	K4	4	11	success	8.109251	8.109251	1010.109		2026-04-22T04:28:06Z	2026-04-22T04:28:14Z	local-macbook-air-8gb-smoketest	python-smoketest	
GSE311294	GSM9322959_TR11_18105	M4_spagcn	log1p_hvg	K4	4	23	success	7.390528	7.390528	1010.711		2026-04-22T04:28:14Z	2026-04-22T04:28:21Z	local-macbook-air-8gb-smoketest	python-smoketest	
GSE311294	GSM9322959_TR11_18105	M4_spagcn	log1p_hvg	K6	6	11	success	14.978352	14.978352	1014.613		2026-04-22T04:28:22Z	2026-04-22T04:28:37Z	local-macbook-air-8gb-smoketest	python-smoketest	
GSE311294	GSM9322959_TR11_18105	M4_spagcn	log1p_hvg	K6	6	23	success	12.292106	12.292106	1017.707		2026-04-22T04:28:37Z	2026-04-22T04:28:49Z	local-macbook-air-8gb-smoketest	python-smoketest	
GSE311294	GSM9322960_TR11_21723	M4_spagcn	log1p_hvg	K4	4	11	success	8.697924	8.697924	1129.059		2026-04-22T04:28:54Z	2026-04-22T04:29:03Z	local-macbook-air-8gb-smoketest	python-smoketest	
GSE311294	GSM9322960_TR11_21723	M4_spagcn	log1p_hvg	K4	4	23	success	7.836011	7.836011	1128.617		2026-04-22T04:29:03Z	2026-04-22T04:29:11Z	local-macbook-air-8gb-smoketest	python-smoketest	
GSE311294	GSM9322960_TR11_21723	M4_spagcn	log1p_hvg	K6	6	11	success	8.90071	8.90071	1132.52		2026-04-22T04:29:11Z	2026-04-22T04:29:20Z	local-macbook-air-8gb-smoketest	python-smoketest	
GSE311294	GSM9322960_TR11_21723	M4_spagcn	log1p_hvg	K6	6	23	success	11.374973	11.374973	1132.555		2026-04-22T04:29:20Z	2026-04-22T04:29:31Z	local-macbook-air-8gb-smoketest	python-smoketest	
GSE311294	GSM9322961_TR16_23542	M4_spagcn	log1p_hvg	K4	4	11	success	9.568421	9.568421	1098.809		2026-04-22T04:29:34Z	2026-04-22T04:29:44Z	local-macbook-air-8gb-smoketest	python-smoketest	
GSE311294	GSM9322961_TR16_23542	M4_spagcn	log1p_hvg	K4	4	23	success	9.965984	9.965984	1098.844		2026-04-22T04:29:44Z	2026-04-22T04:29:54Z	local-macbook-air-8gb-smoketest	python-smoketest	
GSE311294	GSM9322961_TR16_23542	M4_spagcn	log1p_hvg	K6	6	11	success	12.632795	12.632795	1102.797		2026-04-22T04:29:55Z	2026-04-22T04:30:07Z	local-macbook-air-8gb-smoketest	python-smoketest	
GSE311294	GSM9322961_TR16_23542	M4_spagcn	log1p_hvg	K6	6	23	success	12.718044	12.718044	1102.375		2026-04-22T04:30:07Z	2026-04-22T04:30:20Z	local-macbook-air-8gb-smoketest	python-smoketest	
GSE267401	GSM8265211_CTC21P	M4_spagcn	log1p_hvg	K4	4	11	success	18.327037	18.327037	968.82		2026-04-22T04:30:43Z	2026-04-22T04:31:01Z	local-macbook-air-8gb-smoketest	python-smoketest	
GSE267401	GSM8265211_CTC21P	M4_spagcn	log1p_hvg	K4	4	23	success	10.305007	10.305007	1298.898		2026-04-22T04:31:01Z	2026-04-22T04:31:12Z	local-macbook-air-8gb-smoketest	python-smoketest	
GSE267401	GSM8265211_CTC21P	M4_spagcn	log1p_hvg	K6	6	11	success	11.003564	11.003564	1280.23		2026-04-22T04:31:12Z	2026-04-22T04:31:23Z	local-macbook-air-8gb-smoketest	python-smoketest	
GSE267401	GSM8265211_CTC21P	M4_spagcn	log1p_hvg	K6	6	23	success	11.977363	11.977363	897.012		2026-04-22T04:31:23Z	2026-04-22T04:31:35Z	local-macbook-air-8gb-smoketest	python-smoketest	
GSE267401	GSM8265212_CTC21M	M4_spagcn	log1p_hvg	K4	4	11	success	8.369127	8.369127	829.32		2026-04-22T04:31:45Z	2026-04-22T04:31:53Z	local-macbook-air-8gb-smoketest	python-smoketest	
GSE267401	GSM8265212_CTC21M	M4_spagcn	log1p_hvg	K4	4	23	success	7.632588	7.632588	831.121		2026-04-22T04:31:53Z	2026-04-22T04:32:01Z	local-macbook-air-8gb-smoketest	python-smoketest	
GSE267401	GSM8265212_CTC21M	M4_spagcn	log1p_hvg	K6	6	11	success	6.594658	6.594658	838.465		2026-04-22T04:32:01Z	2026-04-22T04:32:08Z	local-macbook-air-8gb-smoketest	python-smoketest	
GSE267401	GSM8265212_CTC21M	M4_spagcn	log1p_hvg	K6	6	23	success	7.585244	7.585244	835.988		2026-04-22T04:32:08Z	2026-04-22T04:32:16Z	local-macbook-air-8gb-smoketest	python-smoketest	
GSE267401	GSM8265213_CTC17P	M4_spagcn	log1p_hvg	K4	4	11	success	10.811889	10.811889	863.082		2026-04-22T04:32:27Z	2026-04-22T04:32:38Z	local-macbook-air-8gb-smoketest	python-smoketest	
GSE267401	GSM8265213_CTC17P	M4_spagcn	log1p_hvg	K4	4	23	success	5.979174	5.979174	863.125		2026-04-22T04:32:38Z	2026-04-22T04:32:44Z	local-macbook-air-8gb-smoketest	python-smoketest	
GSE267401	GSM8265213_CTC17P	M4_spagcn	log1p_hvg	K6	6	11	success	6.558203	6.558203	867.586		2026-04-22T04:32:44Z	2026-04-22T04:32:51Z	local-macbook-air-8gb-smoketest	python-smoketest	
GSE267401	GSM8265213_CTC17P	M4_spagcn	log1p_hvg	K6	6	23	success	8.525346	8.525346	871.605		2026-04-22T04:32:51Z	2026-04-22T04:32:59Z	local-macbook-air-8gb-smoketest	python-smoketest	
GSE267401	GSM8265214_CTC17M	M4_spagcn	log1p_hvg	K4	4	11	success	29.491574	29.491574	1033.082		2026-04-22T04:33:10Z	2026-04-22T04:33:40Z	local-macbook-air-8gb-smoketest	python-smoketest	
GSE267401	GSM8265214_CTC17M	M4_spagcn	log1p_hvg	K4	4	23	success	15.211817	15.211817	1033.246		2026-04-22T04:33:40Z	2026-04-22T04:33:55Z	local-macbook-air-8gb-smoketest	python-smoketest	
GSE267401	GSM8265214_CTC17M	M4_spagcn	log1p_hvg	K6	6	11	success	14.653007	14.653007	1036.027		2026-04-22T04:33:56Z	2026-04-22T04:34:10Z	local-macbook-air-8gb-smoketest	python-smoketest	
GSE267401	GSM8265214_CTC17M	M4_spagcn	log1p_hvg	K6	6	23	failed	28.548377	28.548377	1035.211		2026-04-22T04:34:10Z	2026-04-22T04:34:39Z	local-macbook-air-8gb-smoketest	python-smoketest	
GSE280318	GSM8703563_Tumor19	M4_spagcn	log1p_hvg	K4	4	11	success	35.235086	35.235086	652.984		2026-04-22T04:34:52Z	2026-04-22T04:35:27Z	local-macbook-air-8gb-smoketest	python-smoketest	
GSE280318	GSM8703563_Tumor19	M4_spagcn	log1p_hvg	K4	4	23	success	35.798293	35.798293	838.41		2026-04-22T04:35:27Z	2026-04-22T04:36:03Z	local-macbook-air-8gb-smoketest	python-smoketest	
GSE280318	GSM8703563_Tumor19	M4_spagcn	log1p_hvg	K6	6	11	success	30.5659	30.5659	841.84		2026-04-22T04:36:03Z	2026-04-22T04:36:34Z	local-macbook-air-8gb-smoketest	python-smoketest	
GSE280318	GSM8703563_Tumor19	M4_spagcn	log1p_hvg	K6	6	23	success	32.750417	32.750417	844.883		2026-04-22T04:36:34Z	2026-04-22T04:37:07Z	local-macbook-air-8gb-smoketest	python-smoketest	
GSE280318	GSM8703564_Tumor20	M4_spagcn	log1p_hvg	K4	4	11	success	4.023404	4.023404	740.152		2026-04-22T04:37:08Z	2026-04-22T04:37:12Z	local-macbook-air-8gb-smoketest	python-smoketest	
GSE280318	GSM8703564_Tumor20	M4_spagcn	log1p_hvg	K4	4	23	success	3.749462	3.749462	740.309		2026-04-22T04:37:12Z	2026-04-22T04:37:16Z	local-macbook-air-8gb-smoketest	python-smoketest	
GSE280318	GSM8703564_Tumor20	M4_spagcn	log1p_hvg	K6	6	11	success	5.28876	5.28876	745.438		2026-04-22T04:37:16Z	2026-04-22T04:37:22Z	local-macbook-air-8gb-smoketest	python-smoketest	
GSE280318	GSM8703564_Tumor20	M4_spagcn	log1p_hvg	K6	6	23	success	5.789541	5.789541	745.637		2026-04-22T04:37:22Z	2026-04-22T04:37:28Z	local-macbook-air-8gb-smoketest	python-smoketest	
GSE280318	GSM8703565_Tumor24	M4_spagcn	log1p_hvg	K4	4	11	success	6.348653	6.348653	891.992		2026-04-22T04:37:31Z	2026-04-22T04:37:38Z	local-macbook-air-8gb-smoketest	python-smoketest	
GSE280318	GSM8703565_Tumor24	M4_spagcn	log1p_hvg	K4	4	23	success	7.46487	7.46487	891.992		2026-04-22T04:37:38Z	2026-04-22T04:37:45Z	local-macbook-air-8gb-smoketest	python-smoketest	
GSE280318	GSM8703565_Tumor24	M4_spagcn	log1p_hvg	K6	6	11	success	8.469051	8.469051	896.172		2026-04-22T04:37:45Z	2026-04-22T04:37:54Z	local-macbook-air-8gb-smoketest	python-smoketest	
GSE280318	GSM8703565_Tumor24	M4_spagcn	log1p_hvg	K6	6	23	success	9.338584	9.338584	899.004		2026-04-22T04:37:54Z	2026-04-22T04:38:03Z	local-macbook-air-8gb-smoketest	python-smoketest	
GSE280318	GSM8703566_Tumor26	M4_spagcn	log1p_hvg	K4	4	11	success	8.810154	8.810154	849.066		2026-04-22T04:38:07Z	2026-04-22T04:38:15Z	local-macbook-air-8gb-smoketest	python-smoketest	
GSE280318	GSM8703566_Tumor26	M4_spagcn	log1p_hvg	K4	4	23	success	6.822203	6.822203	849.094		2026-04-22T04:38:16Z	2026-04-22T04:38:22Z	local-macbook-air-8gb-smoketest	python-smoketest	
GSE280318	GSM8703566_Tumor26	M4_spagcn	log1p_hvg	K6	6	11	success	11.331425	11.331425	853.09		2026-04-22T04:38:23Z	2026-04-22T04:38:34Z	local-macbook-air-8gb-smoketest	python-smoketest	
GSE280318	GSM8703566_Tumor26	M4_spagcn	log1p_hvg	K6	6	23	success	7.201711	7.201711	855.387		2026-04-22T04:38:34Z	2026-04-22T04:38:41Z	local-macbook-air-8gb-smoketest	python-smoketest	
GSE311294	GSM9322957_TR11_206	M5_stagate	log1p_hvg	K4	4	11	success	36.885624	36.885624	496.09		2026-04-22T04:39:04Z	2026-04-22T04:39:41Z	local-macbook-air-8gb-smoketest	python-smoketest	
GSE311294	GSM9322957_TR11_206	M5_stagate	log1p_hvg	K4	4	23	success	24.409564	24.409564	505.867		2026-04-22T04:39:41Z	2026-04-22T04:40:05Z	local-macbook-air-8gb-smoketest	python-smoketest	
GSE311294	GSM9322957_TR11_206	M5_stagate	log1p_hvg	K6	6	11	success	26.925546	26.925546	506.137		2026-04-22T04:40:06Z	2026-04-22T04:40:33Z	local-macbook-air-8gb-smoketest	python-smoketest	
GSE311294	GSM9322957_TR11_206	M5_stagate	log1p_hvg	K6	6	23	success	26.010629	26.010629	506.215		2026-04-22T04:40:33Z	2026-04-22T04:40:59Z	local-macbook-air-8gb-smoketest	python-smoketest	
GSE311294	GSM9322958_TR11_16184	M5_stagate	log1p_hvg	K4	4	11	success	32.636623	32.636623	592.773		2026-04-22T04:41:06Z	2026-04-22T04:41:38Z	local-macbook-air-8gb-smoketest	python-smoketest	
GSE311294	GSM9322958_TR11_16184	M5_stagate	log1p_hvg	K4	4	23	success	31.354711	31.354711	591.719		2026-04-22T04:41:38Z	2026-04-22T04:42:10Z	local-macbook-air-8gb-smoketest	python-smoketest	
GSE311294	GSM9322958_TR11_16184	M5_stagate	log1p_hvg	K6	6	11	success	30.317739	30.317739	592.391		2026-04-22T04:42:10Z	2026-04-22T04:42:40Z	local-macbook-air-8gb-smoketest	python-smoketest	
GSE311294	GSM9322958_TR11_16184	M5_stagate	log1p_hvg	K6	6	23	success	30.574783	30.574783	592.852		2026-04-22T04:42:41Z	2026-04-22T04:43:11Z	local-macbook-air-8gb-smoketest	python-smoketest	
GSE311294	GSM9322959_TR11_18105	M5_stagate	log1p_hvg	K4	4	11	success	23.162545	23.162545	497.781		2026-04-22T04:43:15Z	2026-04-22T04:43:38Z	local-macbook-air-8gb-smoketest	python-smoketest	
GSE311294	GSM9322959_TR11_18105	M5_stagate	log1p_hvg	K4	4	23	success	23.373259	23.373259	497.781		2026-04-22T04:43:38Z	2026-04-22T04:44:01Z	local-macbook-air-8gb-smoketest	python-smoketest	
GSE311294	GSM9322959_TR11_18105	M5_stagate	log1p_hvg	K6	6	11	success	22.628542	22.628542	497.691		2026-04-22T04:44:01Z	2026-04-22T04:44:24Z	local-macbook-air-8gb-smoketest	python-smoketest	
GSE311294	GSM9322959_TR11_18105	M5_stagate	log1p_hvg	K6	6	23	success	22.726752	22.726752	497.695		2026-04-22T04:44:24Z	2026-04-22T04:44:47Z	local-macbook-air-8gb-smoketest	python-smoketest	
GSE311294	GSM9322960_TR11_21723	M5_stagate	log1p_hvg	K4	4	11	success	29.028033	29.028033	536.367		2026-04-22T04:44:51Z	2026-04-22T04:45:20Z	local-macbook-air-8gb-smoketest	python-smoketest	
GSE311294	GSM9322960_TR11_21723	M5_stagate	log1p_hvg	K4	4	23	success	28.154269	28.154269	527.824		2026-04-22T04:45:20Z	2026-04-22T04:45:48Z	local-macbook-air-8gb-smoketest	python-smoketest	
GSE311294	GSM9322960_TR11_21723	M5_stagate	log1p_hvg	K6	6	11	success	28.44274	28.44274	527.508		2026-04-22T04:45:48Z	2026-04-22T04:46:17Z	local-macbook-air-8gb-smoketest	python-smoketest	
GSE311294	GSM9322960_TR11_21723	M5_stagate	log1p_hvg	K6	6	23	success	34.073908	34.073908	528.004		2026-04-22T04:46:17Z	2026-04-22T04:46:51Z	local-macbook-air-8gb-smoketest	python-smoketest	
GSE311294	GSM9322961_TR16_23542	M5_stagate	log1p_hvg	K4	4	11	success	35.166073	35.166073	469.691		2026-04-22T04:46:55Z	2026-04-22T04:47:30Z	local-macbook-air-8gb-smoketest	python-smoketest	
GSE311294	GSM9322961_TR16_23542	M5_stagate	log1p_hvg	K4	4	23	success	32.172849	32.172849	470.777		2026-04-22T04:47:30Z	2026-04-22T04:48:03Z	local-macbook-air-8gb-smoketest	python-smoketest	
GSE311294	GSM9322961_TR16_23542	M5_stagate	log1p_hvg	K6	6	11	success	32.233869	32.233869	470.242		2026-04-22T04:48:03Z	2026-04-22T04:48:35Z	local-macbook-air-8gb-smoketest	python-smoketest	
GSE311294	GSM9322961_TR16_23542	M5_stagate	log1p_hvg	K6	6	23	success	31.946822	31.946822	470.711		2026-04-22T04:48:35Z	2026-04-22T04:49:07Z	local-macbook-air-8gb-smoketest	python-smoketest	
GSE267401	GSM8265211_CTC21P	M5_stagate	log1p_hvg	K4	4	11	success	41.061296	41.061296	619.137		2026-04-22T04:49:30Z	2026-04-22T04:50:12Z	local-macbook-air-8gb-smoketest	python-smoketest	
GSE267401	GSM8265211_CTC21P	M5_stagate	log1p_hvg	K4	4	23	success	32.027591	32.027591	622.523		2026-04-22T04:50:12Z	2026-04-22T04:50:44Z	local-macbook-air-8gb-smoketest	python-smoketest	
GSE267401	GSM8265211_CTC21P	M5_stagate	log1p_hvg	K6	6	11	success	40.818019	40.818019	623.648		2026-04-22T04:50:44Z	2026-04-22T04:51:25Z	local-macbook-air-8gb-smoketest	python-smoketest	
GSE267401	GSM8265211_CTC21P	M5_stagate	log1p_hvg	K6	6	23	success	32.094986	32.094986	633.023		2026-04-22T04:51:25Z	2026-04-22T04:51:57Z	local-macbook-air-8gb-smoketest	python-smoketest	
GSE267401	GSM8265212_CTC21M	M5_stagate	log1p_hvg	K4	4	11	success	27.087099	27.087099	629.145		2026-04-22T04:52:07Z	2026-04-22T04:52:34Z	local-macbook-air-8gb-smoketest	python-smoketest	
GSE267401	GSM8265212_CTC21M	M5_stagate	log1p_hvg	K4	4	23	success	26.305374	26.305374	629.176		2026-04-22T04:52:34Z	2026-04-22T04:53:00Z	local-macbook-air-8gb-smoketest	python-smoketest	
GSE267401	GSM8265212_CTC21M	M5_stagate	log1p_hvg	K6	6	11	success	28.185576	28.185576	629.105		2026-04-22T04:53:01Z	2026-04-22T04:53:29Z	local-macbook-air-8gb-smoketest	python-smoketest	
GSE267401	GSM8265212_CTC21M	M5_stagate	log1p_hvg	K6	6	23	success	26.767339	26.767339	629.227		2026-04-22T04:53:29Z	2026-04-22T04:53:56Z	local-macbook-air-8gb-smoketest	python-smoketest	
GSE267401	GSM8265213_CTC17P	M5_stagate	log1p_hvg	K4	4	11	success	25.588757	25.588757	620.027		2026-04-22T04:54:07Z	2026-04-22T04:54:32Z	local-macbook-air-8gb-smoketest	python-smoketest	
GSE267401	GSM8265213_CTC17P	M5_stagate	log1p_hvg	K4	4	23	success	25.156902	25.156902	620.203		2026-04-22T04:54:33Z	2026-04-22T04:54:58Z	local-macbook-air-8gb-smoketest	python-smoketest	
GSE267401	GSM8265213_CTC17P	M5_stagate	log1p_hvg	K6	6	11	success	26.016026	26.016026	620.191		2026-04-22T04:54:58Z	2026-04-22T04:55:24Z	local-macbook-air-8gb-smoketest	python-smoketest	
GSE267401	GSM8265213_CTC17P	M5_stagate	log1p_hvg	K6	6	23	success	25.609641	25.609641	620.402		2026-04-22T04:55:24Z	2026-04-22T04:55:50Z	local-macbook-air-8gb-smoketest	python-smoketest	
GSE267401	GSM8265214_CTC17M	M5_stagate	log1p_hvg	K4	4	11	success	30.991239	30.991239	445.996		2026-04-22T04:56:01Z	2026-04-22T04:56:32Z	local-macbook-air-8gb-smoketest	python-smoketest	
GSE267401	GSM8265214_CTC17M	M5_stagate	log1p_hvg	K4	4	23	success	32.632953	32.632953	446.266		2026-04-22T04:56:32Z	2026-04-22T04:57:05Z	local-macbook-air-8gb-smoketest	python-smoketest	
GSE267401	GSM8265214_CTC17M	M5_stagate	log1p_hvg	K6	6	11	success	32.78967	32.78967	455.457		2026-04-22T04:57:06Z	2026-04-22T04:57:38Z	local-macbook-air-8gb-smoketest	python-smoketest	
GSE267401	GSM8265214_CTC17M	M5_stagate	log1p_hvg	K6	6	23	success	35.962324	35.962324	446.641		2026-04-22T04:57:39Z	2026-04-22T04:58:15Z	local-macbook-air-8gb-smoketest	python-smoketest	
GSE280318	GSM8703563_Tumor19	M5_stagate	log1p_hvg	K4	4	11	success	32.820302	32.820302	432.73		2026-04-22T04:58:30Z	2026-04-22T04:59:03Z	local-macbook-air-8gb-smoketest	python-smoketest	
GSE280318	GSM8703563_Tumor19	M5_stagate	log1p_hvg	K4	4	23	success	24.437883	24.437883	434.945		2026-04-22T04:59:03Z	2026-04-22T04:59:27Z	local-macbook-air-8gb-smoketest	python-smoketest	
GSE280318	GSM8703563_Tumor19	M5_stagate	log1p_hvg	K6	6	11	success	25.05548	25.05548	435.258		2026-04-22T04:59:27Z	2026-04-22T04:59:52Z	local-macbook-air-8gb-smoketest	python-smoketest	
GSE280318	GSM8703563_Tumor19	M5_stagate	log1p_hvg	K6	6	23	success	26.588048	26.588048	434.629		2026-04-22T04:59:53Z	2026-04-22T05:00:19Z	local-macbook-air-8gb-smoketest	python-smoketest	
GSE280318	GSM8703564_Tumor20	M5_stagate	log1p_hvg	K4	4	11	success	17.251478	17.251478	422.637		2026-04-22T05:00:21Z	2026-04-22T05:00:38Z	local-macbook-air-8gb-smoketest	python-smoketest	
GSE280318	GSM8703564_Tumor20	M5_stagate	log1p_hvg	K4	4	23	success	17.186266	17.186266	422.566		2026-04-22T05:00:38Z	2026-04-22T05:00:56Z	local-macbook-air-8gb-smoketest	python-smoketest	
GSE280318	GSM8703564_Tumor20	M5_stagate	log1p_hvg	K6	6	11	success	17.07895	17.07895	422.555		2026-04-22T05:00:56Z	2026-04-22T05:01:13Z	local-macbook-air-8gb-smoketest	python-smoketest	
GSE280318	GSM8703564_Tumor20	M5_stagate	log1p_hvg	K6	6	23	success	17.274617	17.274617	422.605		2026-04-22T05:01:13Z	2026-04-22T05:01:30Z	local-macbook-air-8gb-smoketest	python-smoketest	
GSE280318	GSM8703565_Tumor24	M5_stagate	log1p_hvg	K4	4	11	success	26.711358	26.711358	482.176		2026-04-22T05:01:34Z	2026-04-22T05:02:01Z	local-macbook-air-8gb-smoketest	python-smoketest	
GSE280318	GSM8703565_Tumor24	M5_stagate	log1p_hvg	K4	4	23	success	29.614118	29.614118	482.297		2026-04-22T05:02:01Z	2026-04-22T05:02:30Z	local-macbook-air-8gb-smoketest	python-smoketest	
GSE280318	GSM8703565_Tumor24	M5_stagate	log1p_hvg	K6	6	11	success	24.741186	24.741186	482.316		2026-04-22T05:02:31Z	2026-04-22T05:02:55Z	local-macbook-air-8gb-smoketest	python-smoketest	
GSE280318	GSM8703565_Tumor24	M5_stagate	log1p_hvg	K6	6	23	success	24.748331	24.748331	482.309		2026-04-22T05:02:56Z	2026-04-22T05:03:20Z	local-macbook-air-8gb-smoketest	python-smoketest	
GSE280318	GSM8703566_Tumor26	M5_stagate	log1p_hvg	K4	4	11	success	23.237333	23.237333	462.219		2026-04-22T05:03:23Z	2026-04-22T05:03:47Z	local-macbook-air-8gb-smoketest	python-smoketest	
GSE280318	GSM8703566_Tumor26	M5_stagate	log1p_hvg	K4	4	23	success	22.421517	22.421517	463.402		2026-04-22T05:03:47Z	2026-04-22T05:04:09Z	local-macbook-air-8gb-smoketest	python-smoketest	
GSE280318	GSM8703566_Tumor26	M5_stagate	log1p_hvg	K6	6	11	success	23.512209	23.512209	462.305		2026-04-22T05:04:10Z	2026-04-22T05:04:33Z	local-macbook-air-8gb-smoketest	python-smoketest	
GSE280318	GSM8703566_Tumor26	M5_stagate	log1p_hvg	K6	6	23	success	24.345964	24.345964	455.562		2026-04-22T05:04:33Z	2026-04-22T05:04:58Z	local-macbook-air-8gb-smoketest	python-smoketest	
